mechanism,missing_rate,repetition,method,term,estimate,std.error,conf.low,conf.high,true_estimate,bias,ci_width,ci_cover
MAR,0.1,1,complete_case,(Intercept),4.566585523929298,0.322753560495156,3.9325467844895035,5.200624263369093,4.0349672958498015,0.5316182280794965,1.2680774788795897,1
MAR,0.1,1,complete_case,age,0.019988629364715675,0.002725355420215558,0.014634758403515797,0.025342500325915555,0.01753512986073419,0.0024534995039814864,0.010707741922399759,1
MAR,0.1,1,complete_case,bmi,0.02567646745847679,0.006326566224698388,0.013248136480698626,0.03810479843625495,0.02897241650381511,-0.0032959490453383193,0.024856661955556324,1
MAR,0.1,1,complete_case,income_ratio,-0.06263713384440256,0.026088814480358415,-0.1138877506345878,-0.011386517054217324,-0.05343704488580892,-0.009200088958593637,0.10250123358037047,1
MAR,0.1,1,complete_case,sexFemale,-0.24409369342322748,0.08343760030921646,-0.4080041111449586,-0.08018327570149639,-0.09307566573776974,-0.15101802768545775,0.3278208354434622,1
MAR,0.1,1,complete_case,smoking_statusYes,-0.11937719883867312,0.08524510219695168,-0.2868383944873045,0.048083996809958285,-0.022120133000263893,-0.09725706583840923,0.3349223912972628,1
MAR,0.1,1,complete_case,systolic_bp,-0.0013051257831172066,0.0025311080643687267,-0.006277404211451792,0.0036671526452173794,0.0020175183065907756,-0.003322644089707982,0.009944556856669172,1
MAR,0.1,2,complete_case,(Intercept),3.5936827018510837,0.29516216824349467,3.013856359644952,4.173509044057215,4.0349672958498015,-0.4412845939987178,1.1596526844122628,1
MAR,0.1,2,complete_case,age,0.014814810944808873,0.002671491805252969,0.00956684393436317,0.020062777955254574,0.01753512986073419,-0.002720318915925316,0.010495934020891403,1
MAR,0.1,2,complete_case,bmi,0.030194583632724818,0.005729138787314379,0.018940073588946595,0.04144909367650304,0.02897241650381511,0.001222167128909709,0.022509020087556446,1
MAR,0.1,2,complete_case,income_ratio,-0.05486723861968209,0.02576956298523608,-0.10548982190973852,-0.004244655329625667,-0.05343704488580892,-0.0014301937338731668,0.10124516658011284,1
MAR,0.1,2,complete_case,sexFemale,-0.05006087688939107,0.08168895015321195,-0.21053335697675002,0.11041160319796789,-0.09307566573776974,0.043014788848378664,0.3209449601747179,1
MAR,0.1,2,complete_case,smoking_statusYes,-0.0099119231131612,0.08459931987927818,-0.17610162991278747,0.15627778368646508,-0.022120133000263893,0.012208209887102693,0.33237941359925255,1
MAR,0.1,2,complete_case,systolic_bp,0.005859344191254184,0.0023454179570707415,0.0012519274512096945,0.010466760931298674,0.0020175183065907756,0.0038418258846634086,0.00921483348008898,1
MAR,0.1,3,complete_case,(Intercept),4.787435406565834,0.33152591761276057,4.136210329404401,5.438660483727267,4.0349672958498015,0.7524681107160323,1.302450154322866,0
MAR,0.1,3,complete_case,age,0.02075736497132307,0.002897477359727907,0.015065774006883543,0.0264489559357626,0.01753512986073419,0.003222235110588882,0.011383181928879056,1
MAR,0.1,3,complete_case,bmi,0.01937224398328035,0.006807642332651582,0.005999813148033266,0.032744674818527435,0.02897241650381511,-0.009600172520534758,0.02674486167049417,1
MAR,0.1,3,complete_case,income_ratio,-0.09165614475551666,0.02851084340088371,-0.1476607441164789,-0.03565154539455443,-0.05343704488580892,-0.038219099869707736,0.11200919872192447,1
MAR,0.1,3,complete_case,sexFemale,-0.1278016352894594,0.090117956354903,-0.3048227065331318,0.04921943595421299,-0.09307566573776974,-0.03472596955168966,0.3540421424873448,1
MAR,0.1,3,complete_case,smoking_statusYes,-0.13451688239368553,0.09300597683020556,-0.31721096819505995,0.048177203407688884,-0.022120133000263893,-0.11239674939342165,0.36538817160274883,1
MAR,0.1,3,complete_case,systolic_bp,-0.0018015972472873551,0.0026167836433947213,-0.006941814164128824,0.0033386196695541145,0.0020175183065907756,-0.0038191155538781305,0.010280433833682939,1
MAR,0.1,4,complete_case,(Intercept),4.4036118908851645,0.2745865501044116,3.8642408822183745,4.9429828995519545,4.0349672958498015,0.36864459503536295,1.07874201733358,1
MAR,0.1,4,complete_case,age,0.01671938986866092,0.002266676044382306,0.012266952763076364,0.021171826974245474,0.01753512986073419,-8.157399920732701e-4,0.00890487421116911,1
MAR,0.1,4,complete_case,bmi,0.022715539494385754,0.005567331447670057,0.01177961718730151,0.033651461801469995,0.02897241650381511,-0.006256877009429354,0.021871844614168485,1
MAR,0.1,4,complete_case,income_ratio,-0.03974075646565458,0.02264815511132743,-0.08422858102295191,0.004747068091642763,-0.05343704488580892,0.013696288420154343,0.08897564911459468,1
MAR,0.1,4,complete_case,sexFemale,-0.11798507362553369,0.07088149686809912,-0.2572177652741998,0.02124761802313245,-0.09307566573776974,-0.024909407887763954,0.2784653832973323,1
MAR,0.1,4,complete_case,smoking_statusYes,-0.012597678324903296,0.07207716541098322,-0.15417902451532076,0.12898366786551416,-0.022120133000263893,0.009522454675360597,0.2831626923808349,1
MAR,0.1,4,complete_case,systolic_bp,-5.199620571928213e-5,0.0020119202591602488,-0.004004015920915736,0.0039000235094771712,0.0020175183065907756,-0.002069514512310058,0.007904039430392907,1
MAR,0.1,5,complete_case,(Intercept),4.3891265424994454,0.2941166063131564,3.8113340232288495,4.966919061770041,4.0349672958498015,0.35415924664964393,1.1555850385411919,1
MAR,0.1,5,complete_case,age,0.019982207470200623,0.0024780631751035852,0.015114048603542488,0.02485036633685876,0.01753512986073419,0.0024470776094664345,0.00973631773331627,1
MAR,0.1,5,complete_case,bmi,0.022233920993968224,0.00546235602455362,0.01150311429745911,0.03296472769047734,0.02897241650381511,-0.006738495509846884,0.021461613393018233,1
MAR,0.1,5,complete_case,income_ratio,-0.06278560367868173,0.024445858734687204,-0.1108095302468029,-0.014761677110560562,-0.05343704488580892,-0.009348558792872809,0.09604785313624234,1
MAR,0.1,5,complete_case,sexFemale,-0.06279302706527114,0.076884398268362,-0.21383254409540353,0.08824648996486127,-0.09307566573776974,0.0302826386724986,0.3020790340602648,1
MAR,0.1,5,complete_case,smoking_statusYes,-0.09427110417297968,0.07801876821134328,-0.247539092676913,0.058996884330953625,-0.022120133000263893,-0.0721509711727158,0.3065359770078666,1
MAR,0.1,5,complete_case,systolic_bp,-3.5471187380134694e-4,0.0023315905844239443,-0.004935125113873642,0.004225701366270948,0.0020175183065907756,-0.0023722301803921226,0.00916082648014459,1
MAR,0.1,6,complete_case,(Intercept),4.562265360825278,0.354941487865126,3.8650358742053754,5.259494847445181,4.0349672958498015,0.5272980649754766,1.3944589732398054,1
MAR,0.1,6,complete_case,age,0.01990850676172033,0.002891082981175005,0.014229406482786047,0.02558760704065461,0.01753512986073419,0.00237337690098614,0.011358200557868563,1
MAR,0.1,6,complete_case,bmi,0.012841136674370547,0.006791488512403716,-4.997271321381547e-4,0.02618200048087925,0.02897241650381511,-0.01613127982944456,0.026681727613017403,0
MAR,0.1,6,complete_case,income_ratio,-0.05835291712179492,0.027671355180779154,-0.112709157308918,-0.003996676934671824,-0.05343704488580892,-0.004915872235985996,0.10871248037424619,1
MAR,0.1,6,complete_case,sexFemale,-0.10868474563445579,0.09002814793051493,-0.2855315823919148,0.0681620911230032,-0.09307566573776974,-0.015609079896686057,0.353693673514918,1
MAR,0.1,6,complete_case,smoking_statusYes,-0.04607931061072807,0.0920979656658958,-0.22699199485678706,0.13483337363533093,-0.022120133000263893,-0.023959177610464177,0.361825368492118,1
MAR,0.1,6,complete_case,systolic_bp,7.164140239683131e-4,0.002694564330251644,-0.004576654746170928,0.006009482794107554,0.0020175183065907756,-0.0013011042826224625,0.010586137540278482,1
MAR,0.1,7,complete_case,(Intercept),4.119552615929778,0.32462910012311386,3.481880327800258,4.7572249040592975,4.0349672958498015,0.08458532007997643,1.2753445762590396,1
MAR,0.1,7,complete_case,age,0.01557740430200372,0.0027556988245514818,0.010164356691111317,0.020990451912896124,0.01753512986073419,-0.0019577255587304686,0.010826095221784807,1
MAR,0.1,7,complete_case,bmi,0.022056228805724314,0.006191879987922399,0.009893455110376441,0.03421900250107219,0.02897241650381511,-0.006916187698090794,0.02432554739069575,1
MAR,0.1,7,complete_case,income_ratio,-0.07486287473579928,0.02665880738456188,-0.12722904491977452,-0.022496704551824044,-0.05343704488580892,-0.021425829849990356,0.10473234036795048,1
MAR,0.1,7,complete_case,sexFemale,-0.19606178561984627,0.08545789050523946,-0.36392760096582544,-0.02819597027386711,-0.09307566573776974,-0.10298611988207654,0.3357316306919583,1
MAR,0.1,7,complete_case,smoking_statusYes,-0.1816904095136848,0.087793351820107,-0.3541437955978534,-0.009237023429516156,-0.022120133000263893,-0.1595702765134209,0.34490677216833726,1
MAR,0.1,7,complete_case,systolic_bp,0.005096289942985229,0.002543543785136737,9.99806632236552e-5,0.010092599222746804,0.0020175183065907756,0.0030787716363944537,0.009992618559523148,1
MAR,0.1,8,complete_case,(Intercept),3.8757026102074925,0.36515730939938845,3.158353685142669,4.593051535272316,4.0349672958498015,-0.159264685642309,1.4346978501296475,1
MAR,0.1,8,complete_case,age,0.013653409616347234,0.002952959346183808,0.007852342081291541,0.019454477151402926,0.01753512986073419,-0.003881720244386955,0.011602135070111385,1
MAR,0.1,8,complete_case,bmi,0.037200072922827024,0.007247525169663815,0.022962361514585118,0.05143778433106893,0.02897241650381511,0.008227656419011915,0.02847542281648381,1
MAR,0.1,8,complete_case,income_ratio,-0.0742635225014735,0.029020394241440702,-0.1312738796220689,-0.017253165380878087,-0.05343704488580892,-0.020826477615664578,0.11402071424119081,1
MAR,0.1,8,complete_case,sexFemale,-0.1451816890150961,0.09186636420512878,-0.32565250506025645,0.03528912703006426,-0.09307566573776974,-0.05210602327732636,0.3609416320903207,1
MAR,0.1,8,complete_case,smoking_statusYes,0.005134777831040557,0.09534570411775146,-0.18217117661066534,0.19244073227274644,-0.022120133000263893,0.02725491083130445,0.3746119088834118,1
MAR,0.1,8,complete_case,systolic_bp,0.0031293019670950635,0.002816307672797279,-0.002403314332044332,0.00866191826623446,0.0020175183065907756,0.0011117836605042879,0.01106523259827879,1
MAR,0.2,1,complete_case,(Intercept),4.784887690531437,0.5181114093634437,3.7650772925942806,5.804698088468593,4.0349672958498015,0.7499203946816353,2.039620795874312,1
MAR,0.2,1,complete_case,age,0.019043039054995055,0.0041567609470595564,0.010861192527510466,0.027224885582479645,0.01753512986073419,0.001507909194260866,0.01636369305496918,1
MAR,0.2,1,complete_case,bmi,0.02427813562591179,0.011070150277080883,0.002488508616608324,0.046067762635215254,0.02897241650381511,-0.004694280877903318,0.04357925401860693,1
MAR,0.2,1,complete_case,income_ratio,-0.07384576133690648,0.03990546383228588,-0.15239258778234172,0.004701065108528746,-0.05343704488580892,-0.020408716451097562,0.15709365289087046,1
MAR,0.2,1,complete_case,sexFemale,-0.21046386948019757,0.12874258329297664,-0.46387080614807713,0.04294306718768198,-0.09307566573776974,-0.11738820374242784,0.5068138733357591,1
MAR,0.2,1,complete_case,smoking_statusYes,-0.1409360815578161,0.13225346892740233,-0.40125357377658477,0.11938141066095256,-0.022120133000263893,-0.1188159485575522,0.5206349844375373,1
MAR,0.2,1,complete_case,systolic_bp,-0.0023761668981587694,0.0038095327686136155,-0.009874556353599705,0.005122222557282166,0.0020175183065907756,-0.004393685204749545,0.01499677891088187,1
MAR,0.2,2,complete_case,(Intercept),4.268211985972371,0.3739942411538195,3.532177064632117,5.004246907312626,4.0349672958498015,0.23324469012256976,1.4720698426805092,1
MAR,0.2,2,complete_case,age,0.01681347352626666,0.003386513395689121,0.010148686086963322,0.02347826096557,0.01753512986073419,-7.216563344675277e-4,0.013329574878606677,1
MAR,0.2,2,complete_case,bmi,0.0338647057790051,0.0076757197924663,0.01875859666821226,0.04897081488979794,0.02897241650381511,0.00489228927518999,0.03021221822158568,1
MAR,0.2,2,complete_case,income_ratio,-0.042870670431822536,0.02954380366978919,-0.10101400211280857,0.015272661249163502,-0.05343704488580892,0.010566374453986387,0.11628666336197208,1
MAR,0.2,2,complete_case,sexFemale,-0.2324228327418118,0.09674847977635612,-0.42282752849939037,-0.042018136984233234,-0.09307566573776974,-0.13934716700404207,0.38080939151515714,1
MAR,0.2,2,complete_case,smoking_statusYes,-0.10245511158168924,0.09769973410100205,-0.2947319121071254,0.08982168894374692,-0.022120133000263893,-0.08033497858142535,0.38455360105087233,1
MAR,0.2,2,complete_case,systolic_bp,-4.931502605457211e-4,0.002986634759202891,-0.006370961301913728,0.0053846607808222865,0.0020175183065907756,-0.002510668567136497,0.011755622082736015,1
MAR,0.2,3,complete_case,(Intercept),4.269462297913501,0.47861588429189844,3.327377689044481,5.21154690678252,4.0349672958498015,0.23449500206369933,1.8841692177380396,1
MAR,0.2,3,complete_case,age,0.024278218922659207,0.004003544271645641,0.016397833914495088,0.03215860393082333,0.01753512986073419,0.006743089061925018,0.01576077001632824,1
MAR,0.2,3,complete_case,bmi,0.027408886250247205,0.009738107098473026,0.008240862124674158,0.04657691037582025,0.02897241650381511,-0.0015635302535679033,0.03833604825114609,1
MAR,0.2,3,complete_case,income_ratio,-0.1129450586214479,0.03667000155299185,-0.18512453532516632,-0.04076558191772947,-0.05343704488580892,-0.05950801373563897,0.14435895340743685,1
MAR,0.2,3,complete_case,sexFemale,-0.1508517473158714,0.11881563185332548,-0.3847227527206962,0.08301925808895344,-0.09307566573776974,-0.05777608157810166,0.46774201080964967,1
MAR,0.2,3,complete_case,smoking_statusYes,-0.20162745412767685,0.11861992736350954,-0.4351132441775727,0.03185833592221898,-0.022120133000263893,-0.17950732112741297,0.46697158009979167,1
MAR,0.2,3,complete_case,systolic_bp,1.0271904863536321e-4,0.0037362687542189664,-0.007251573617926469,0.007457011715197196,0.0020175183065907756,-0.0019147992579554125,0.014708585333123666,1
MAR,0.2,4,complete_case,(Intercept),4.321963203089223,0.4963900638386514,3.344817810435259,5.299108595743188,4.0349672958498015,0.2869959072394215,1.9542907853079288,1
MAR,0.2,4,complete_case,age,0.022743396625227435,0.003980112343450007,0.014908533033132063,0.03057826021732281,0.01753512986073419,0.005208266764493246,0.015669727184190747,1
MAR,0.2,4,complete_case,bmi,0.025230322005806907,0.009548717842230853,0.006433641078846614,0.0440270029327672,0.02897241650381511,-0.003742094498008202,0.037593361853920586,1
MAR,0.2,4,complete_case,income_ratio,-0.014787652233676294,0.03662290354561725,-0.08687995236650575,0.05730464789915316,-0.05343704488580892,0.03864939265213263,0.1441846002656589,1
MAR,0.2,4,complete_case,sexFemale,-0.006332414741084358,0.11465612135069002,-0.23203334809783485,0.2193685186156661,-0.09307566573776974,0.08674325099668538,0.45140186671350097,1
MAR,0.2,4,complete_case,smoking_statusYes,-0.07924667716060163,0.11955741765827387,-0.3145958276229712,0.15610247330176796,-0.022120133000263893,-0.05712654416033774,0.4706983009247392,1
MAR,0.2,4,complete_case,systolic_bp,-0.0024337261130467852,0.004160451789386211,-0.010623588468307587,0.005756136242214016,0.0020175183065907756,-0.004451244419637561,0.0163797247105216,1
MAR,0.2,5,complete_case,(Intercept),4.466176292047743,0.4756206825337997,3.5299445208013562,5.40240806329413,4.0349672958498015,0.43120899619794173,1.872463542492774,1
MAR,0.2,5,complete_case,age,0.02422097580670848,0.004097488833474246,0.01615530631607764,0.03228664529733932,0.01753512986073419,0.006685845945974291,0.01613133898126168,1
MAR,0.2,5,complete_case,bmi,0.023684884338215285,0.009106659742031965,0.005758951985988657,0.041610816690441914,0.02897241650381511,-0.005287532165599823,0.03585186470445326,1
MAR,0.2,5,complete_case,income_ratio,-0.09628856396903404,0.03894608704356127,-0.17295168101781405,-0.01962544692025403,-0.05343704488580892,-0.04285151908322512,0.15332623409756002,1
MAR,0.2,5,complete_case,sexFemale,-0.20318374691591345,0.12243562103556609,-0.44419117690216814,0.03782368307034126,-0.09307566573776974,-0.11010808117814372,0.48201485997250937,1
MAR,0.2,5,complete_case,smoking_statusYes,-0.0574451510892242,0.12394428245456543,-0.3014222937149634,0.18653199153651495,-0.022120133000263893,-0.035325018088960304,0.4879542852514783,1
MAR,0.2,5,complete_case,systolic_bp,-0.0010533838727159494,0.003777965091082697,-0.008490089379482913,0.006383321634051015,0.0020175183065907756,-0.003070902179306725,0.014873411013533927,1
MAR,0.2,6,complete_case,(Intercept),4.028502959332228,0.3893362051928922,3.2623270687401718,4.794678849924285,4.0349672958498015,-0.006464336517573166,1.5323517811841132,1
MAR,0.2,6,complete_case,age,0.01731322316203775,0.0033531957469937917,0.0107144591541808,0.0239119871698947,0.01753512986073419,-2.219066986964384e-4,0.013197528015713902,1
MAR,0.2,6,complete_case,bmi,0.01859817284472866,0.007770628504525902,0.003306329611280908,0.03389001607817642,0.02897241650381511,-0.010374243659086447,0.03058368646689551,1
MAR,0.2,6,complete_case,income_ratio,-0.06513278850462371,0.03061453598792943,-0.12537922606363094,-0.0048863509456164925,-0.05343704488580892,-0.011695743618814793,0.12049287511801446,1
MAR,0.2,6,complete_case,sexFemale,-0.11877728011463169,0.10013710755488175,-0.3158373956108588,0.07828283538159538,-0.09307566573776974,-0.025701614376861956,0.39412023099245413,1
MAR,0.2,6,complete_case,smoking_statusYes,-0.07731543827031341,0.10310284108125657,-0.28021182970369146,0.1255809531630646,-0.022120133000263893,-0.05519530527004952,0.4057927828667561,1
MAR,0.2,6,complete_case,systolic_bp,0.0044714003423681516,0.0031320214824504997,-0.0016921141642805984,0.0106349148490169,0.0020175183065907756,0.002453882035777376,0.012327029013297498,1
MAR,0.2,7,complete_case,(Intercept),4.4195170517876186,0.5004285074700981,3.4345560615054223,5.404478042069815,4.0349672958498015,0.38454975593781704,1.969921980564393,1
MAR,0.2,7,complete_case,age,0.018892030469078183,0.004275667414550577,0.01047651147308115,0.027307549465075215,0.01753512986073419,0.0013569006083439944,0.016831037991994063,1
MAR,0.2,7,complete_case,bmi,0.022110963463863462,0.010724218834802743,0.0010031787436625382,0.04321874818406439,0.02897241650381511,-0.006861453039951646,0.04221556944040185,1
MAR,0.2,7,complete_case,income_ratio,-0.08161673897662361,0.03920220182524631,-0.1587758914922191,-0.004457586461028104,-0.05343704488580892,-0.028179694090814687,0.15431830503119098,1
MAR,0.2,7,complete_case,sexFemale,-0.2724890361147628,0.12782508919813074,-0.524078872744971,-0.020899199484554543,-0.09307566573776974,-0.17941337037699304,0.5031796732604165,1
MAR,0.2,7,complete_case,smoking_statusYes,-0.20333326190621046,0.13532724701690557,-0.4696891094333405,0.06302258562091959,-0.022120133000263893,-0.18121312890594657,0.5327116950542601,1
MAR,0.2,7,complete_case,systolic_bp,0.0019528748171421563,0.0040715660606712506,-0.006060924715167188,0.0099666743494515,0.0020175183065907756,-6.46434894486193e-5,0.01602759906461869,1
MAR,0.2,8,complete_case,(Intercept),3.859412051954091,0.5566670356029809,2.7632622902666957,4.955561813641486,4.0349672958498015,-0.17555524389571042,2.1922995233747904,1
MAR,0.2,8,complete_case,age,0.02429594750757072,0.005055691268748366,0.014340634142552253,0.03425126087258919,0.01753512986073419,0.006760817646836531,0.019910626730036934,1
MAR,0.2,8,complete_case,bmi,0.022893152226977558,0.011036920453811697,0.001160021016677365,0.04462628343727775,0.02897241650381511,-0.00607926427683755,0.043466262420600386,1
MAR,0.2,8,complete_case,income_ratio,-0.06120289204979683,0.044936399561182026,-0.14968850466870126,0.02728272056910762,-0.05343704488580892,-0.007765847163987906,0.1769712252378089,1
MAR,0.2,8,complete_case,sexFemale,-0.15165613156155297,0.1386545928761838,-0.4246850504977362,0.12137278737463028,-0.09307566573776974,-0.058580465823783234,0.5460578378723665,1
MAR,0.2,8,complete_case,smoking_statusYes,-0.17654577513752387,0.14620556246785543,-0.4644435348511281,0.11135198457608034,-0.022120133000263893,-0.15442564213725998,0.5757955194272084,1
MAR,0.2,8,complete_case,systolic_bp,0.0034404531915169802,0.004301919432116946,-0.005030585434302655,0.011911491817336617,0.0020175183065907756,0.0014229348849262046,0.016942077251639272,1
MAR,0.3,1,complete_case,(Intercept),4.064006412383782,0.5672105892115815,2.9428056661060893,5.185207158661475,4.0349672958498015,0.029039116533980724,2.242401492555386,1
MAR,0.3,1,complete_case,age,0.01677802488917647,0.004770179858184417,0.007348847580781498,0.026207202197571444,0.01753512986073419,-7.571049715577177e-4,0.018858354616789946,1
MAR,0.3,1,complete_case,bmi,0.024851635608233526,0.010402664591948179,0.004288769671649071,0.04541450154481798,0.02897241650381511,-0.004120780895581582,0.04112573187316891,1
MAR,0.3,1,complete_case,income_ratio,4.44290596887437e-4,0.04280130692762018,-0.08416071886813768,0.08504930006191257,-0.05343704488580892,0.05388133548269636,0.16921001893005025,1
MAR,0.3,1,complete_case,sexFemale,0.0641854790465581,0.13663246875081442,-0.20589485591706275,0.3342658140101789,-0.09307566573776974,0.15726114478432784,0.5401606699272417,1
MAR,0.3,1,complete_case,smoking_statusYes,0.057229686214671005,0.1335208417747912,-0.20669991998257686,0.3211592924119189,-0.022120133000263893,0.07934981921493489,0.5278592123944957,1
MAR,0.3,1,complete_case,systolic_bp,1.9132297886985825e-4,0.005087224649663647,-0.009864554295236388,0.010247200252976103,0.0020175183065907756,-0.0018261953277209173,0.020111754548212492,1
MAR,0.3,2,complete_case,(Intercept),4.573509864619332,0.6555736501000935,3.2770731280358216,5.869946601202843,4.0349672958498015,0.5385425687695307,2.592873473167021,1
MAR,0.3,2,complete_case,age,0.02715491353732707,0.005989066115131389,0.015311171299825092,0.03899865577482905,0.01753512986073419,0.009619783676592882,0.023687484475003955,1
MAR,0.3,2,complete_case,bmi,0.03309020512843594,0.013466934396587906,0.006458523885251449,0.05972188637162043,0.02897241650381511,0.0041177886246208315,0.05326336248636898,1
MAR,0.3,2,complete_case,income_ratio,-0.11044264005331758,0.04772338365433098,-0.2048185316927959,-0.01606674841383926,-0.05343704488580892,-0.05700559516750866,0.18875178327895664,1
MAR,0.3,2,complete_case,sexFemale,-0.1443622219929278,0.15668769694706267,-0.45422166564479066,0.16549722165893505,-0.09307566573776974,-0.05128655625515807,0.6197188873037257,1
MAR,0.3,2,complete_case,smoking_statusYes,-0.3293047529303837,0.15344870361529234,-0.6327588904138017,-0.025850615446965708,-0.022120133000263893,-0.3071846199301198,0.606908274966836,0
MAR,0.3,2,complete_case,systolic_bp,-0.004348551463736323,0.005168919679576327,-0.014570404279249997,0.005873301351777351,0.0020175183065907756,-0.006366069770327098,0.020443705631027348,1
MAR,0.3,3,complete_case,(Intercept),4.394410315968424,0.4204608106968372,3.5623942501845294,5.226426381752318,4.0349672958498015,0.35944302011862206,1.6640321315677884,1
MAR,0.3,3,complete_case,age,0.016881357259710548,0.0036885530097037263,0.009582376509321859,0.024180338010099237,0.01753512986073419,-6.53772601023641e-4,0.014597961500777377,1
MAR,0.3,3,complete_case,bmi,0.008720041821845147,0.007904295800104927,-0.006921133115472095,0.02436121675916239,0.02897241650381511,-0.020252374681969963,0.031282349874634484,0
MAR,0.3,3,complete_case,income_ratio,0.011267502992481826,0.027787753767195316,-0.043719446987556705,0.06625445297252036,-0.05343704488580892,0.06470454787829075,0.10997389996007706,0
MAR,0.3,3,complete_case,sexFemale,0.03117992786226943,0.09389195150059372,-0.1546152999184771,0.21697515564301595,-0.09307566573776974,0.12425559360003917,0.37159045556149306,1
MAR,0.3,3,complete_case,smoking_statusYes,0.06654445667774479,0.09503206906792423,-0.12150685801709322,0.2545957713725828,-0.022120133000263893,0.08866458967800869,0.37610262938967604,1
MAR,0.3,3,complete_case,systolic_bp,3.273852655437272e-4,0.0030513132070101403,-0.005710612914984709,0.006365383446072163,0.0020175183065907756,-0.0016901330410470485,0.012075996361056872,1
MAR,0.3,4,complete_case,(Intercept),4.5934397975894035,0.523653142302698,3.557951729576799,5.628927865602008,4.0349672958498015,0.558472501739602,2.070976136025209,1
MAR,0.3,4,complete_case,age,0.017931468129122528,0.004597464927540682,0.008840297483911484,0.02702263877433357,0.01753512986073419,3.963382683883389e-4,0.018182341290422087,1
MAR,0.3,4,complete_case,bmi,0.023468260293611373,0.01231089882208663,-8.756952887505609e-4,0.047812215875973306,0.02897241650381511,-0.005504156210203736,0.04868791116472387,1
MAR,0.3,4,complete_case,income_ratio,-0.04603837108001784,0.04246341675047451,-0.13000685674365553,0.03793011458361984,-0.05343704488580892,0.007398673805791081,0.16793697132727536,1
MAR,0.3,4,complete_case,sexFemale,-0.29035950516488296,0.1443445723487384,-0.5757909678545525,-0.0049280424752134455,-0.09307566573776974,-0.19728383942711322,0.5708629253793391,1
MAR,0.3,4,complete_case,smoking_statusYes,-0.2114219573565079,0.1568153816278205,-0.5215135875573766,0.09866967284436082,-0.022120133000263893,-0.18930182435624401,0.6201832604017374,1
MAR,0.3,4,complete_case,systolic_bp,-4.981327072852419e-4,0.0036753859969867967,-0.007765955695007299,0.006769690280436815,0.0020175183065907756,-0.0025156510138760173,0.014535645975444114,1
MAR,0.3,5,complete_case,(Intercept),4.649694185992988,0.6133136889283316,3.4368290910416572,5.862559280944319,4.0349672958498015,0.6147268901431868,2.425730189902662,1
MAR,0.3,5,complete_case,age,0.012004172637669959,0.005462541791210711,0.0012016642510577179,0.0228066810242822,0.01753512986073419,-0.00553095722306423,0.021605016773224482,1
MAR,0.3,5,complete_case,bmi,0.00953114179726882,0.011421614693355328,-0.013055795425279782,0.03211807901981742,0.02897241650381511,-0.019441274706546288,0.0451738744450972,1
MAR,0.3,5,complete_case,income_ratio,-0.07669481172166769,0.04868779891694818,-0.17297789315681256,0.019588269713477185,-0.05343704488580892,-0.023257766835858763,0.19256616287028974,1
MAR,0.3,5,complete_case,sexFemale,0.1103037829062998,0.15430611741147832,-0.19484594246973605,0.4154535082823356,-0.09307566573776974,0.20337944864406954,0.6102994507520717,1
MAR,0.3,5,complete_case,smoking_statusYes,-0.16812359818364037,0.15857713062275944,-0.4817195117624708,0.14547231539519007,-0.022120133000263893,-0.14600346518337648,0.6271918271576609,1
MAR,0.3,5,complete_case,systolic_bp,0.00310333910710885,0.004927663045655538,-0.006641414052078437,0.012848092266296136,0.0020175183065907756,0.0010858208005180745,0.019489506318374573,1
MAR,0.3,6,complete_case,(Intercept),4.404535572233591,0.6388212964560323,3.1405184946804345,5.668552649786748,4.0349672958498015,0.36956827638378975,2.5280341551063135,1
MAR,0.3,6,complete_case,age,0.025440626949551154,0.005282724722477278,0.014987853533467764,0.03589340036563454,0.01753512986073419,0.007905497088816965,0.020905546832166777,1
MAR,0.3,6,complete_case,bmi,0.01523507808485603,0.013741610142709767,-0.011955045334359546,0.04242520150407161,0.02897241650381511,-0.01373733841895908,0.05438024683843115,1
MAR,0.3,6,complete_case,income_ratio,-0.01414432841310561,0.04439764188610581,-0.1019926482146819,0.07370399138847067,-0.05343704488580892,0.03929271647270331,0.17569663960315257,1
MAR,0.3,6,complete_case,sexFemale,0.06285398783407171,0.14815831032516902,-0.23030254196756633,0.35601051763570973,-0.09307566573776974,0.15592965357184146,0.5863130596032761,1
MAR,0.3,6,complete_case,smoking_statusYes,0.2677656110218086,0.15354578084303694,-0.03605094964789529,0.5715821716915126,-0.022120133000263893,0.2898857440220725,0.60763312133940794,1
MAR,0.3,6,complete_case,systolic_bp,-0.003625804857798792,0.005063347596714854,-0.013644503150014867,0.006392893434417284,0.0020175183065907756,-0.0056433231643895675,0.02003739658443215,1
MAR,0.3,7,complete_case,(Intercept),4.558203303720316,0.757126391963039,3.060099382300166,6.056307225140467,4.0349672958498015,0.5232360078705147,2.9962078428403007,1
MAR,0.3,7,complete_case,age,0.027036889452635136,0.006262837150891183,0.014644796144885392,0.03942898276038488,0.01753512986073419,0.009501759591900947,0.02478418661549949,1
MAR,0.3,7,complete_case,bmi,0.034307387628977906,0.015290648777136309,0.004052226618549946,0.06456254863940586,0.02897241650381511,0.005334971125162798,0.06051032202085591,1
MAR,0.3,7,complete_case,income_ratio,-0.051836509195041555,0.05461298330819145,-0.15989762728963955,0.05622460889955644,-0.05343704488580892,0.001600535690767367,0.216122236189196,1
MAR,0.3,7,complete_case,sexFemale,0.056143567622979985,0.1927123864142497,-0.3251708137775783,0.4374579490235383,-0.09307566573776974,0.14921923336074971,0.7626287628011166,1
MAR,0.3,7,complete_case,smoking_statusYes,0.20042204385564757,0.20400624385322433,-0.20323916404163386,0.604083251752929,-0.022120133000263893,0.22254217685591146,0.8073224157945629,1
MAR,0.3,7,complete_case,systolic_bp,-0.00826929688776496,0.006561664567699653,-0.021252671294285957,0.00471407751875604,0.0020175183065907756,-0.010286815194355734,0.025966748813042,1
MAR,0.3,8,complete_case,(Intercept),5.174969295869112,0.8582092612140066,3.4760583466537707,6.873880245084454,4.0349672958498015,1.1400020000193107,3.397821898430683,1
MAR,0.3,8,complete_case,age,0.026179954063825412,0.00812201430910424,0.01010161552445605,0.042258292603194775,0.01753512986073419,0.008644824203091223,0.032156677078738725,1
MAR,0.3,8,complete_case,bmi,0.01058205598956529,0.015780526008012354,-0.020657071378350954,0.041821183357481535,0.02897241650381511,-0.018390360514249818,0.06247825473583249,1
MAR,0.3,8,complete_case,income_ratio,-0.11423062192025038,0.0654393087290164,-0.24377426952845982,0.015313025687959059,-0.05343704488580892,-0.06079357703444146,0.2590872952164189,1
MAR,0.3,8,complete_case,sexFemale,-0.2810448562591719,0.21319390408487846,-0.7030834828796859,0.14099377036134209,-0.09307566573776974,-0.18796919052140218,0.844077253241028,1
MAR,0.3,8,complete_case,smoking_statusYes,-0.34852329044730185,0.21335922920305622,-0.7708891946516714,0.07384261375706769,-0.022120133000263893,-0.32640315744703796,0.8447318084087391,1
MAR,0.3,8,complete_case,systolic_bp,-0.0028437439075070944,0.007072733370594155,-0.016844926028503564,0.011157438213489374,0.0020175183065907756,-0.0048612622140978695,0.028002364241992938,1
MCAR,0.1,1,complete_case,(Intercept),4.283388565153049,0.3298379068755044,3.6353923115483884,4.93138481875771,4.0349672958498015,0.2484212693032477,1.2959925072093217,1
MCAR,0.1,1,complete_case,age,0.016546611816942655,0.0028214374748659556,0.011003643967031431,0.02208957966685388,0.01753512986073419,-9.885180437915336e-4,0.011085935699822448,1
MCAR,0.1,1,complete_case,bmi,0.015530963909599186,0.0062016363758330955,0.0033472910994420263,0.027714636719756346,0.02897241650381511,-0.013441452594215923,0.02436734562031432,0
MCAR,0.1,1,complete_case,income_ratio,-0.10144744130682583,0.02832167547159354,-0.15708792173325123,-0.04580696088040042,-0.05343704488580892,-0.048010396421016906,0.1112809608528508,1
MCAR,0.1,1,complete_case,sexFemale,-0.09915643764280589,0.08977526654581326,-0.27552802858309255,0.07721515329748078,-0.09307566573776974,-0.006080771905036156,0.35274318188057335,1
MCAR,0.1,1,complete_case,smoking_statusYes,-0.21470228144699297,0.09123566275591177,-0.39394295217827974,-0.03546161071570619,-0.022120133000263893,-0.19258214844672908,0.35848134146257354,0
MCAR,0.1,1,complete_case,systolic_bp,0.004965420466399465,0.0024911540853082993,7.132406091561305e-5,0.009859516871883318,0.0020175183065907756,0.0029479021598086894,0.009788192810967704,1
MCAR,0.1,2,complete_case,(Intercept),3.8284939014737622,0.32932222650332166,3.1815455825886816,4.475442220358842,4.0349672958498015,-0.2064733943760393,1.2938966377701608,1
MCAR,0.1,2,complete_case,age,0.01632438044013611,0.0026922713561030693,0.011035455831836802,0.02161330504843542,0.01753512986073419,-0.0012107494205980777,0.01057784921659862,1
MCAR,0.1,2,complete_case,bmi,0.02003898387667436,0.005783384100504759,0.008677617044513343,0.03140035070883538,0.02897241650381511,-0.008933432627140747,0.022722733664322037,1
MCAR,0.1,2,complete_case,income_ratio,-0.05930846849495698,0.029230581609691043,-0.11673148495276668,-0.001885452037147281,-0.05343704488580892,-0.005871423609148059,0.1148460329156194,1
MCAR,0.1,2,complete_case,sexFemale,-0.08562487730781117,0.08690721456892207,-0.25635272936119213,0.08510297474556981,-0.09307566573776974,0.007450788429958569,0.34145570410676196,1
MCAR,0.1,2,complete_case,smoking_statusYes,-0.14722264394505444,0.08900766822911635,-0.3220768040790866,0.027631516188977745,-0.022120133000263893,-0.12510251094479055,0.34970832026806437,1
MCAR,0.1,2,complete_case,systolic_bp,0.006561903330276487,0.0024248444351049423,0.0017983346895999903,0.011325471970952983,0.0020175183065907756,0.004544385023685711,0.009527137281352993,1
MCAR,0.1,3,complete_case,(Intercept),4.113432140402199,0.36785387297715577,3.3907794501540756,4.8360848306503215,4.0349672958498015,0.07846484455239722,1.445305380496246,1
MCAR,0.1,3,complete_case,age,0.01516684040160183,0.0032369684234540034,0.008807782875510407,0.021525897927693254,0.01753512986073419,-0.002368289459132358,0.012718115052182847,1
MCAR,0.1,3,complete_case,bmi,0.026586276330078987,0.006563311616147733,0.0136925836309662,0.03947996902919178,0.02897241650381511,-0.002386140173736121,0.025787385398225577,1
MCAR,0.1,3,complete_case,income_ratio,-0.06140163030684008,0.0305555280828545,-0.12142827728031952,-0.001374983333360634,-0.05343704488580892,-0.007964585421031158,0.12005329394695888,1
MCAR,0.1,3,complete_case,sexFemale,-0.009921249725980451,0.09753439303175798,-0.20152856092722699,0.18168606147526606,-0.09307566573776974,0.08315441601178929,0.38321462240249304,1
MCAR,0.1,3,complete_case,smoking_statusYes,-0.1791021810904772,0.09996580233793709,-0.37548602070498793,0.01728165852403349,-0.022120133000263893,-0.15698204809021332,0.39276767922902145,1
MCAR,0.1,3,complete_case,systolic_bp,0.003332694988726487,0.002807180716694562,-0.002182040198139302,0.008847430175592277,0.0020175183065907756,0.0013151766821357116,0.011029470373731578,1
MCAR,0.1,4,complete_case,(Intercept),3.944958215220057,0.393859022594368,3.171193796170024,4.71872263427009,4.0349672958498015,-0.09000908062974444,1.5475288381000665,1
MCAR,0.1,4,complete_case,age,0.01542073985230771,0.003413781489759618,0.008714120225345328,0.02212735947927009,0.01753512986073419,-0.002114390008426479,0.013413239253924764,1
MCAR,0.1,4,complete_case,bmi,0.028668772501489352,0.007129453553318174,0.014662447470543327,0.042675097532435376,0.02897241650381511,-3.036440023257564e-4,0.028012650061892047,1
MCAR,0.1,4,complete_case,income_ratio,-0.08192438323060766,0.03387436807830355,-0.1484730192479925,-0.015375747213222837,-0.05343704488580892,-0.02848733834479874,0.13309727203476968,1
MCAR,0.1,4,complete_case,sexFemale,-0.1389972776880324,0.10595680516720968,-0.34715705337264285,0.06916249799657803,-0.09307566573776974,-0.045921611950262675,0.4163195513692209,1
MCAR,0.1,4,complete_case,smoking_statusYes,-0.18695281002673136,0.1097501756090719,-0.40256493517601816,0.02865931512255543,-0.022120133000263893,-0.16483267702646748,0.4312242502985736,1
MCAR,0.1,4,complete_case,systolic_bp,0.005358561145046204,0.0029655068336080707,-4.673906312543368e-4,0.011184512921346744,0.0020175183065907756,0.003341042838455428,0.011651903552601081,1
MCAR,0.1,5,complete_case,(Intercept),4.211480892455226,0.3199956462410264,3.5828177533892704,4.840144031521182,4.0349672958498015,0.17651359660542454,1.2573262781319112,1
MCAR,0.1,5,complete_case,age,0.015908971623931047,0.0027062061215729397,0.010592361678350391,0.021225581569511702,0.01753512986073419,-0.0016261582368031421,0.01063321989116131,1
MCAR,0.1,5,complete_case,bmi,0.020664577116538983,0.006188157214690363,0.0085073293998289,0.032821824833249066,0.02897241650381511,-0.008307839387276125,0.024314495433420166,1
MCAR,0.1,5,complete_case,income_ratio,-0.1037135296489094,0.02772440295454566,-0.15818086504823564,-0.04924619424958315,-0.05343704488580892,-0.050276484763100475,0.10893467079865249,1
MCAR,0.1,5,complete_case,sexFemale,-0.03222562938793048,0.08549914708716544,-0.20019717158445688,0.13574591280859594,-0.09307566573776974,0.06085003634983926,0.3359430843930528,1
MCAR,0.1,5,complete_case,smoking_statusYes,-0.03154840809168992,0.08813736581388942,-0.2047029922632176,0.14160617607983772,-0.022120133000263893,-0.009428275091426026,0.3463091683430553,1
MCAR,0.1,5,complete_case,systolic_bp,0.004133066775975152,0.002430177475816945,-6.412575574369448e-4,0.008907391109387248,0.0020175183065907756,0.002115548469384376,0.009548648666824193,1
MCAR,0.1,6,complete_case,(Intercept),4.0311113328241746,0.39277437517102876,3.2594707229448376,4.8027519427035115,4.0349672958498015,-0.003855963025626963,1.5432812197586738,1
MCAR,0.1,6,complete_case,age,0.014813342864157543,0.003252133961411725,0.00842423300356563,0.021202452724749455,0.01753512986073419,-0.002721786996576646,0.012778219721183825,1
MCAR,0.1,6,complete_case,bmi,0.029047799962505682,0.006887373784939235,0.01551693429550971,0.042578665629501654,0.02897241650381511,7.538345869057342e-5,0.027061731333991944,1
MCAR,0.1,6,complete_case,income_ratio,-0.1003574267786342,0.03246618670559632,-0.16414017253197943,-0.03657468102528896,-0.05343704488580892,-0.046920381892825276,0.12756549150669047,1
MCAR,0.1,6,complete_case,sexFemale,-0.16144086505392746,0.1038489107873114,-0.3654613967404267,0.04257966663257179,-0.09307566573776974,-0.06836519931615773,0.4080410633729985,1
MCAR,0.1,6,complete_case,smoking_statusYes,-0.049595859823820594,0.1062075600067296,-0.25825017018127,0.1590584505336288,-0.022120133000263893,-0.0274757268235567,0.4173086207148988,1
MCAR,0.1,6,complete_case,systolic_bp,0.004671644656813235,0.0029313074403084865,-0.0010871726285520715,0.010430461942178542,0.0020175183065907756,0.0026541263502224592,0.011517634570730614,1
MCAR,0.1,7,complete_case,(Intercept),4.25708008307871,0.4160829636995336,3.439666239227444,5.074493926929977,4.0349672958498015,0.22211278722890881,1.6348276877025327,1
MCAR,0.1,7,complete_case,age,0.01395086579450074,0.0034004853719378915,0.007270458132237036,0.020631273456764444,0.01753512986073419,-0.0035842640662334495,0.013360815324527408,1
MCAR,0.1,7,complete_case,bmi,0.0331380182392041,0.007560331443492136,0.018285404397323252,0.04799063208108495,0.02897241650381511,0.004165601735388991,0.029705227683761697,1
MCAR,0.1,7,complete_case,income_ratio,-0.0968111643394194,0.03449059453242477,-0.16456950080864313,-0.029052827870195683,-0.05343704488580892,-0.04337411945361048,0.13551667293844744,1
MCAR,0.1,7,complete_case,sexFemale,-0.24430541398174246,0.10806904889353683,-0.45661195946483835,-0.03199886849864658,-0.09307566573776974,-0.15122974824397273,0.42461309096619176,1
MCAR,0.1,7,complete_case,smoking_statusYes,-0.010484077383792912,0.10943991752867557,-0.225483756444146,0.20451560167656016,-0.022120133000263893,0.011636055616470981,0.42999935812070617,1
MCAR,0.1,7,complete_case,systolic_bp,0.0024065511422092663,0.0031387331167340004,-0.0037596323490848775,0.00857273463350341,0.0020175183065907756,3.8903283561849073e-4,0.012332366982588288,1
MCAR,0.1,8,complete_case,(Intercept),4.081497974552439,0.36869979568161937,3.357116654817721,4.805879294287157,4.0349672958498015,0.04653067870263783,1.4487626394694364,1
MCAR,0.1,8,complete_case,age,0.017850943836470713,0.0031042938134576863,0.011751964461449313,0.023949923211492113,0.01753512986073419,3.158139757365244e-4,0.0121979587500428,1
MCAR,0.1,8,complete_case,bmi,0.025428137845574142,0.006594048390114849,0.012472867646968722,0.038383408044179564,0.02897241650381511,-0.0035442786582409666,0.025910540397210843,1
MCAR,0.1,8,complete_case,income_ratio,-0.07460982588171258,0.03200148278096012,-0.13748286406033233,-0.011736787703092819,-0.05343704488580892,-0.02117278099590366,0.1257460763572395,1
MCAR,0.1,8,complete_case,sexFemale,-0.12103234368859324,0.09715391948548883,-0.311909814299048,0.06984512692186155,-0.09307566573776974,-0.027956677950823502,0.3817549412209096,1
MCAR,0.1,8,complete_case,smoking_statusYes,-0.027524982821136166,0.09887757906050018,-0.22178891258438713,0.1667389469421148,-0.022120133000263893,-0.005404849820872273,0.38852785952650193,1
MCAR,0.1,8,complete_case,systolic_bp,0.0027345252030872963,0.0028046793764727276,-0.0027758042626671252,0.0082448546688417175,0.0020175183065907756,7.170068964965207e-4,0.011020658931508843,1
MCAR,0.2,1,complete_case,(Intercept),5.006970671964376,0.6115582962394427,3.8022634304907665,6.211677913437985,4.0349672958498015,0.9720033761145741,2.409414482947218,1
MCAR,0.2,1,complete_case,age,0.014450518115471654,0.005080922796855673,0.0044416203139384155,0.024459415917004894,0.01753512986073419,-0.003084611745262535,0.020017795603066477,1
MCAR,0.2,1,complete_case,bmi,0.008081344420682621,0.010208730400823334,-0.012028809453034788,0.02819149829440003,0.02897241650381511,-0.020891072083132487,0.04022030774743482,0
MCAR,0.2,1,complete_case,income_ratio,-0.06846009412235374,0.05018406714539815,-0.16731756931060343,0.030397381065895956,-0.05343704488580892,-0.015023049236544815,0.1977149503764994,1
MCAR,0.2,1,complete_case,sexFemale,-0.056686339042959194,0.15653922127878042,-0.3650525808367756,0.2516799027508573,-0.09307566573776974,0.03638932669481054,0.6167324835876329,1
MCAR,0.2,1,complete_case,smoking_statusYes,-0.11352814778278225,0.1587220243772899,-0.4261942882381906,0.1991379926726261,-0.022120133000263893,-0.09140801478251837,0.6253322809108167,1
MCAR,0.2,1,complete_case,systolic_bp,9.648496039125155e-4,0.004699646430462013,-0.008292972785151217,0.010222671992976249,0.0020175183065907756,-0.00105266870267826,0.018515644778127466,1
MCAR,0.2,2,complete_case,(Intercept),4.544186393908597,0.6051214785102987,3.35228229649654,5.736090491320654,4.0349672958498015,0.5092190980587956,2.3838081948241143,1
MCAR,0.2,2,complete_case,age,0.013422992905623408,0.004996041166547122,0.0035823209930902575,0.02326366481815656,0.01753512986073419,-0.004112136955110781,0.019681343825066304,1
MCAR,0.2,2,complete_case,bmi,0.022073161993553254,0.010303248328118011,0.001778916399808761,0.04236740758729775,0.02897241650381511,-0.006899254510261854,0.04058849118748899,1
MCAR,0.2,2,complete_case,income_ratio,-0.07799594939226763,0.05212018957432636,-0.18065676993439533,0.024664871149860074,-0.05343704488580892,-0.024558904506458708,0.2053216410842554,1
MCAR,0.2,2,complete_case,sexFemale,-0.203834796719643,0.1583255426099053,-0.5156876554651315,0.10801806202584552,-0.09307566573776974,-0.11075913098187326,0.623705717490977,1
MCAR,0.2,2,complete_case,smoking_statusYes,-0.1439656872741802,0.16554485666202037,-0.4700383850186144,0.18210701047025402,-0.022120133000263893,-0.1218455542739163,0.6521453954888684,1
MCAR,0.2,2,complete_case,systolic_bp,0.002911782250695044,0.004230325569302209,-0.005420664305079429,0.011244228806469518,0.0020175183065907756,8.942639441042685e-4,0.016664893111548947,1
MCAR,0.2,3,complete_case,(Intercept),4.33734881941544,0.3903145445242669,3.5689523331998316,5.105745305631048,4.0349672958498015,0.3023815235656384,1.5367929724312166,1
MCAR,0.2,3,complete_case,age,0.017695290462698694,0.0033062023937358315,0.011186503286549028,0.02420407763884836,0.01753512986073419,1.601606019645055e-4,0.013017574352299333,1
MCAR,0.2,3,complete_case,bmi,0.03115665803915533,0.007124076782000957,0.017131775688199548,0.04518154039011111,0.02897241650381511,0.00218424153534022,0.02804976470191156,1
MCAR,0.2,3,complete_case,income_ratio,-0.030339911108782352,0.03455779021400011,-0.09837243755275372,0.037692615335189014,-0.05343704488580892,0.02309713377702657,0.13606505288794274,1
MCAR,0.2,3,complete_case,sexFemale,-0.10258492280493406,0.10640261854796794,-0.312055462305455,0.10688561669558691,-0.09307566573776974,-0.009509257067164323,0.41894107900104194,1
MCAR,0.2,3,complete_case,smoking_statusYes,-0.03494665136985256,0.10754085331647939,-0.2466579877068805,0.17676468496717537,-0.022120133000263893,-0.012826518369588667,0.42342267267405587,1
MCAR,0.2,3,complete_case,systolic_bp,-0.0017882497387683475,0.003175219294917983,-0.008039175776261396,0.004462676298724702,0.0020175183065907756,-0.003805768045359123,0.012501852074986098,1
MCAR,0.2,4,complete_case,(Intercept),4.3808175621136565,0.42479243208018663,3.544490885275908,5.2171442389514056,4.0349672958498015,0.34585026626385496,1.6726533536754977,1
MCAR,0.2,4,complete_case,age,0.019965867662540597,0.003525082724517186,0.013025723493453545,0.02690601183162765,0.01753512986073419,0.0024307378018064082,0.013880288338174104,1
MCAR,0.2,4,complete_case,bmi,0.018829154888793397,0.0070578103318422215,0.004933815389273989,0.032724494388312805,0.02897241650381511,-0.010143261615021711,0.027790678999038816,1
MCAR,0.2,4,complete_case,income_ratio,-0.09115675024169481,0.03638090256392391,-0.16278307181397023,-0.019530428669419397,-0.05343704488580892,-0.03771970535588589,0.14325264314455083,1
MCAR,0.2,4,complete_case,sexFemale,-0.1689411982611639,0.11432548795165752,-0.3940239638562326,0.056141567333904824,-0.09307566573776974,-0.07586553252339417,0.45016553119013747,1
MCAR,0.2,4,complete_case,smoking_statusYes,-0.251624320055042,0.11733534995839047,-0.4826328689262026,-0.020615771183881387,-0.022120133000263893,-0.2295041870547781,0.46201709774232125,1
MCAR,0.2,4,complete_case,systolic_bp,0.001764643534215513,0.0031247132790938564,-0.004387257666044216,0.007916544734475242,0.0020175183065907756,-2.5287477237526264e-4,0.012303802400519457,1
MCAR,0.2,5,complete_case,(Intercept),3.7368935207709306,0.5864976959205929,2.5819614449411086,4.891825596600753,4.0349672958498015,-0.2980737750788709,2.309864151659644,1
MCAR,0.2,5,complete_case,age,0.014423921848558854,0.004487422595463406,0.0055872830529549704,0.023260560644162737,0.01753512986073419,-0.0031112080121753344,0.017673277591207764,1
MCAR,0.2,5,complete_case,bmi,0.02932836275446504,0.010118150580853297,0.009403686604525348,0.04925303890440473,0.02897241650381511,3.559462506499307e-4,0.03984935229987938,1
MCAR,0.2,5,complete_case,income_ratio,-0.08857448851972766,0.04645954776087575,-0.18006269437424446,0.002913717334789151,-0.05343704488580892,-0.035137443633918734,0.18297641170903362,1
MCAR,0.2,5,complete_case,sexFemale,-0.113771190696789,0.14563070619446947,-0.40054737921316064,0.17300499781958267,-0.09307566573776974,-0.02069552495901926,0.5735523770327433,1
MCAR,0.2,5,complete_case,smoking_statusYes,0.01137637412016192,0.15392002750615033,-0.29172315741411003,0.31447590565443384,-0.022120133000263893,0.03349650712042582,0.6061990630685439,1
MCAR,0.2,5,complete_case,systolic_bp,0.006505373911351862,0.004367614537339764,-0.002095338690112955,0.01510608651281668,0.0020175183065907756,0.0044878556047610865,0.017201425202929634,1
MCAR,0.2,6,complete_case,(Intercept),4.511447734670449,0.3937432228038283,3.7362504001926298,5.286645069148269,4.0349672958498015,0.47648043882064783,1.5503946689556396,1
MCAR,0.2,6,complete_case,age,0.019375860338661767,0.003186726697434254,0.013101867801167049,0.025649852876156485,0.01753512986073419,0.0018407304779275782,0.012547985074989436,1
MCAR,0.2,6,complete_case,bmi,0.023040146181883336,0.007399431354924412,0.008472226962491922,0.037608065401274746,0.02897241650381511,-0.005932270321931773,0.029135838438782823,1
MCAR,0.2,6,complete_case,income_ratio,-0.05852748005762948,0.03254054050929559,-0.12259293897688378,0.005537978861624826,-0.05343704488580892,-0.005090435171820555,0.1281309178385086,1
MCAR,0.2,6,complete_case,sexFemale,-0.14008879871433957,0.10193062770482605,-0.3407686995282766,0.06059110209959742,-0.09307566573776974,-0.04701313297656984,0.401359801627874,1
MCAR,0.2,6,complete_case,smoking_statusYes,-0.24881187852160913,0.10292023720119896,-0.45144011164790804,-0.046183645395310224,-0.022120133000263893,-0.22669174552134524,0.4052564662525978,0
MCAR,0.2,6,complete_case,systolic_bp,-0.001096212835982618,0.002842022027217685,-0.0066915546029799565,0.00449912893101472,0.0020175183065907756,-0.003113731142573394,0.011190683533994676,1
MCAR,0.2,7,complete_case,(Intercept),2.6299492009432166,0.5062763267015796,1.6327798776718,3.627118524214633,4.0349672958498015,-1.405018094906585,1.9943386465428328,0
MCAR,0.2,7,complete_case,age,0.011844167966039768,0.0040540041916941995,0.003859341492504052,0.019828994439575483,0.01753512986073419,-0.005690961894694421,0.01596965294707143,1
MCAR,0.2,7,complete_case,bmi,0.04300824425694909,0.00950512495008201,0.02428680990540693,0.06172967860849125,0.02897241650381511,0.01403582775313398,0.03744286870308432,1
MCAR,0.2,7,complete_case,income_ratio,-0.07231185649504467,0.03924298411279254,-0.14960541704102348,0.004981704050934135,-0.05343704488580892,-0.018874811609235743,0.1545871210919576,1
MCAR,0.2,7,complete_case,sexFemale,-0.06853934490345909,0.12116920723152876,-0.3071960033405374,0.17011731353361922,-0.09307566573776974,0.02453632083431065,0.4773133168741567,1
MCAR,0.2,7,complete_case,smoking_statusYes,0.06330635511811511,0.12331142341111578,-0.17956964391507013,0.30618235415130035,-0.022120133000263893,0.085426488118379,0.4857519980663705,1
MCAR,0.2,7,complete_case,systolic_bp,0.01179225708523014,0.003724268971050131,0.00445688196757859,0.01912763220288169,0.0020175183065907756,0.009774738778639363,0.0146707502353031,0
MCAR,0.2,8,complete_case,(Intercept),3.680080773678187,0.508175694887594,2.6794701393138634,4.680691408042511,4.0349672958498015,-0.3548865221716144,2.001221268728648,1
MCAR,0.2,8,complete_case,age,0.016325929461832405,0.004336627562746449,0.00778700148826735,0.02486485743539746,0.01753512986073419,-0.0012092003989017837,0.017077855947130106,1
MCAR,0.2,8,complete_case,bmi,0.024579891330037636,0.010185732937823343,0.004523928797954293,0.044635853862120975,0.02897241650381511,-0.004392525173777473,0.04011192506416668,1
MCAR,0.2,8,complete_case,income_ratio,-0.03884048076615787,0.04160397136945943,-0.12075973940618037,0.04307877787386463,-0.05343704488580892,0.014596564119651052,0.163838517280045,1
MCAR,0.2,8,complete_case,sexFemale,-0.06437534371143953,0.13096589419350144,-0.3222504601080179,0.1934997726851388,-0.09307566573776974,0.028700322026330202,0.5157502327931567,1
MCAR,0.2,8,complete_case,smoking_statusYes,0.12020217298396103,0.13662482905675455,-0.1488155274840547,0.38921987345197673,-0.022120133000263893,0.14232230598422493,0.5380354009360314,1
MCAR,0.2,8,complete_case,systolic_bp,0.005622417242803353,0.003982825684300389,-0.0022198659962875174,0.013464700481894224,0.0020175183065907756,0.0036048989362125776,0.01568456647818174,1
MCAR,0.3,1,complete_case,(Intercept),3.8893698022676304,1.086966688636783,1.7356846416932799,6.043054962841981,4.0349672958498015,-0.1455974935821711,4.307370321148701,1
MCAR,0.3,1,complete_case,age,0.02015338688724467,0.009293845717648297,0.0017388229304874832,0.03856795084400186,0.01753512986073419,0.00261825702651048,0.03682912791351438,1
MCAR,0.3,1,complete_case,bmi,0.05697476500384194,0.01965974755891492,0.018021495303024673,0.0959280347046592,0.02897241650381511,0.02800234850002683,0.07790653940163453,1
MCAR,0.3,1,complete_case,income_ratio,-0.13048552543532807,0.1044915331696739,-0.33752210415093253,0.07655105328027637,-0.05343704488580892,-0.07704848054951915,0.41407315743120887,1
MCAR,0.3,1,complete_case,sexFemale,-0.622194583464387,0.29884700818596116,-1.2143216224441589,-0.030067544484615127,-0.09307566573776974,-0.5291189177266173,1.1842540779595438,1
MCAR,0.3,1,complete_case,smoking_statusYes,-0.27238328655465144,0.30005185678681834,-0.866897578593355,0.3221310054840521,-0.022120133000263893,-0.25026315355438755,1.189028584077407,1
MCAR,0.3,1,complete_case,systolic_bp,0.001978930408839853,0.007954032162798984,-0.013780964733149674,0.017738825550829382,0.0020175183065907756,-3.858789775092273e-5,0.031519790283979054,1
MCAR,0.3,2,complete_case,(Intercept),3.9303000563612684,0.8932389026127252,2.1602875408178273,5.70031257190471,4.0349672958498015,-0.10466723948853307,3.5400250310868824,1
MCAR,0.3,2,complete_case,age,0.006952666852592801,0.007508350383823561,-0.007925630668462538,0.02183096437364814,0.01753512986073419,-0.010582463008141387,0.02975659504211068,1
MCAR,0.3,2,complete_case,bmi,0.059444446290179656,0.018491870849489948,0.02280156973870797,0.09608732284165133,0.02897241650381511,0.030472029786364548,0.07328575310294336,1
MCAR,0.3,2,complete_case,income_ratio,-0.24436506412555462,0.07915186268633978,-0.4012097639853628,-0.08752036426574647,-0.05343704488580892,-0.1909280192397457,0.3136893997196163,0
MCAR,0.3,2,complete_case,sexFemale,-0.2923617599314058,0.23431007373838167,-0.7566628128991516,0.17193929303634004,-0.09307566573776974,-0.19928609419363605,0.9286021059354916,1
MCAR,0.3,2,complete_case,smoking_statusYes,-0.1491270897867634,0.24018779529388898,-0.6250752403962451,0.32682106082271833,-0.022120133000263893,-0.1270069567864995,0.9518963012189634,1
MCAR,0.3,2,complete_case,systolic_bp,0.005995296046931101,0.005811909073377734,-0.005521389768016207,0.01751198186187841,0.0020175183065907756,0.0039777777403403256,0.023033371629894616,1
MCAR,0.3,3,complete_case,(Intercept),3.092034738731642,0.9541534340852784,1.1994759262820036,4.9845935511812804,4.0349672958498015,-0.9429325571181595,3.785117624899277,1
MCAR,0.3,3,complete_case,age,0.014893392724954976,0.00814613528312515,-0.0012644279847355382,0.03105121343464549,0.01753512986073419,-0.0026417371357792124,0.03231564141938103,1
MCAR,0.3,3,complete_case,bmi,0.06410819243732462,0.017016759658337738,0.030355530338907637,0.09786085453574159,0.02897241650381511,0.03513577593350951,0.06750532419683394,0
MCAR,0.3,3,complete_case,income_ratio,-0.09870825522435514,0.0793509786273957,-0.25610054509411884,0.058684034645408584,-0.05343704488580892,-0.04527121033854622,0.31478457973952745,1
MCAR,0.3,3,complete_case,sexFemale,0.11215623117474006,0.23870429588259295,-0.36131260790697367,0.5856250702564538,-0.09307566573776974,0.20523189691250981,0.9469376781634276,1
MCAR,0.3,3,complete_case,smoking_statusYes,0.014572003626606883,0.23264162249732423,-0.44687155154121094,0.4760155587944247,-0.022120133000263893,0.03669213662687078,0.9228871103356356,1
MCAR,0.3,3,complete_case,systolic_bp,0.0028306875199898256,0.0067004508916393,-0.01045962505381014,0.016121000093789792,0.0020175183065907756,8.1316921339905e-4,0.026580625147599932,1
MCAR,0.3,4,complete_case,(Intercept),4.964011898482372,0.8078448479265855,3.363826731667451,6.564197065297293,4.0349672958498015,0.9290446026325707,3.200370333629842,1
MCAR,0.3,4,complete_case,age,0.02355951489461366,0.007791881659582731,0.008125296943922942,0.03899373284530438,0.01753512986073419,0.006024385033879472,0.030868435901381434,1
MCAR,0.3,4,complete_case,bmi,0.039742555852047085,0.016665590445241255,0.006731228621163952,0.07275388308293021,0.02897241650381511,0.010770139348231976,0.06602265446176625,1
MCAR,0.3,4,complete_case,income_ratio,-0.043150845867552266,0.0733846205154951,-0.1885116555856936,0.10220996385058906,-0.05343704488580892,0.010286199018256656,0.29072161943628266,1
MCAR,0.3,4,complete_case,sexFemale,-0.3031292266252737,0.24039124640160758,-0.779298020312946,0.1730395670623986,-0.09307566573776974,-0.21005356088750396,0.9523375873753446,1
MCAR,0.3,4,complete_case,smoking_statusYes,-0.20326029918554953,0.24787963587517442,-0.6942621512131861,0.28774155284208713,-0.022120133000263893,-0.18114016618528564,0.9820037040552733,1
MCAR,0.3,4,complete_case,systolic_bp,-0.00946853859787829,0.006984563585096381,-0.02330361481855696,0.0043665376228003774,0.0020175183065907756,-0.011486056904469067,0.027670152441357336,1
MCAR,0.3,5,complete_case,(Intercept),4.56545704592296,0.6942797111573478,3.1894172296254615,5.9414968622204585,4.0349672958498015,0.5304897500731585,2.752079632594997,1
MCAR,0.3,5,complete_case,age,0.013852772880898513,0.0062713544140026185,0.001423152315729934,0.026282393446067094,0.01753512986073419,-0.0036823569798356756,0.024859241130337162,1
MCAR,0.3,5,complete_case,bmi,0.008795576821755476,0.01165619344960531,-0.01430661964944159,0.03189777329295254,0.02897241650381511,-0.020176839682059633,0.04620439294239413,1
MCAR,0.3,5,complete_case,income_ratio,-0.0729420334324105,0.05943537104175292,-0.19074100657758997,0.04485693971276897,-0.05343704488580892,-0.019504988546601577,0.23559794629035893,1
MCAR,0.3,5,complete_case,sexFemale,0.026105455200179154,0.18935971482353603,-0.34919934344584075,0.40141025384619905,-0.09307566573776974,0.11918112093794889,0.7506095972920398,1
MCAR,0.3,5,complete_case,smoking_statusYes,-0.06741807232419936,0.20438560715233622,-0.472503701070182,0.33766755642178337,-0.022120133000263893,-0.045297939323935464,0.8101712574919654,1
MCAR,0.3,5,complete_case,systolic_bp,0.0032282182438022273,0.0047408834202499394,-0.006168058567763855,0.01262449505536831,0.0020175183065907756,0.0012106999372114517,0.018792553623132164,1
MCAR,0.3,6,complete_case,(Intercept),3.7315891849295064,0.7905771550882185,2.1658925565610883,5.297285813297925,4.0349672958498015,-0.3033781109202951,3.1313932567368363,1
MCAR,0.3,6,complete_case,age,0.005825465865029964,0.007401294255039438,-0.008832409569512156,0.02048334129957208,0.01753512986073419,-0.011709663995704226,0.029315750869084237,1
MCAR,0.3,6,complete_case,bmi,0.033025443614318015,0.01298028826955578,0.007318662880657929,0.058732224347978104,0.02897241650381511,0.004053027110502906,0.05141356146732018,1
MCAR,0.3,6,complete_case,income_ratio,-0.03835282237256568,0.06859086263534236,-0.17419343157035258,0.09748778682522122,-0.05343704488580892,0.015084222513243241,0.2716812183955738,1
MCAR,0.3,6,complete_case,sexFemale,-0.20311431589706794,0.22789337840290805,-0.6544452099109552,0.24821657811681933,-0.09307566573776974,-0.1100386501592982,0.9026617880277745,1
MCAR,0.3,6,complete_case,smoking_statusYes,0.16933929107345352,0.22100340956899722,-0.26834638070831157,0.6070249628552187,-0.022120133000263893,0.1914594240737174,0.8753713435635302,1
MCAR,0.3,6,complete_case,systolic_bp,0.008379550867787376,0.00590652252603147,-0.0033180074854610754,0.020077109221035828,0.0020175183065907756,0.006362032561196601,0.023395116706496903,1
MCAR,0.3,7,complete_case,(Intercept),3.409496987118114,0.8570580974694595,1.7099186174594294,5.109075356776799,4.0349672958498015,-0.6254703087316873,3.3991567393173696,1
MCAR,0.3,7,complete_case,age,0.021310553659912704,0.005962609249547987,0.00948647576230008,0.03313463155752533,0.01753512986073419,0.003775423799178515,0.02364815579522525,1
MCAR,0.3,7,complete_case,bmi,0.030599945061453575,0.015985038035077823,-0.0010989852243754247,0.062298875347282574,0.02897241650381511,0.0016275285576384663,0.063397860571658,1
MCAR,0.3,7,complete_case,income_ratio,0.005153401185071081,0.0621647997817062,-0.11812172960839963,0.1284285319785418,-0.05343704488580892,0.05859044607088,0.24655026158694143,1
MCAR,0.3,7,complete_case,sexFemale,0.13157429718190997,0.19972627190625003,-0.2644903950328761,0.5276389893966961,-0.09307566573776974,0.2246499629196797,0.7921293844295721,1
MCAR,0.3,7,complete_case,smoking_statusYes,0.05684007815922543,0.19948329372190765,-0.33874277919789286,0.4524229355163437,-0.022120133000263893,0.07896021115948931,0.7911657147142366,1
MCAR,0.3,7,complete_case,systolic_bp,0.002949359174479328,0.0054863633884670365,-0.007930305308777214,0.013829023657735872,0.0020175183065907756,9.318408678885524e-4,0.021759328966513086,1
MCAR,0.3,8,complete_case,(Intercept),3.993151309127412,0.7201944612879368,2.5623593085308025,5.423943309724021,4.0349672958498015,-0.04181598672238973,2.8615840011932185,1
MCAR,0.3,8,complete_case,age,0.008451219599359664,0.005306476908784386,-0.002091022976154707,0.018993462174874035,0.01753512986073419,-0.009083910261374525,0.02108448515102874,1
MCAR,0.3,8,complete_case,bmi,0.025040663991085902,0.013000694488162792,-7.874847600149171e-4,0.05086881274218672,0.02897241650381511,-0.0039317525127292065,0.05165629750220164,1
MCAR,0.3,8,complete_case,income_ratio,-0.14968792070968262,0.058793923943713855,-0.2664923125567326,-0.03288352886263264,-0.05343704488580892,-0.0962508758238737,0.2336087836941,1
MCAR,0.3,8,complete_case,sexFemale,-0.37407573188286,0.16871533610396622,-0.7092581947468889,-0.038893269018831056,-0.09307566573776974,-0.2810000661450902,0.6703649257280578,1
MCAR,0.3,8,complete_case,smoking_statusYes,-0.03654672538148378,0.17151619728424886,-0.37729358784442574,0.30420013708145816,-0.022120133000263893,-0.014426592381219884,0.6814937249258839,1
MCAR,0.3,8,complete_case,systolic_bp,0.008699781415888107,0.004214592009244549,3.267587716684218e-4,0.01707280406010779,0.0020175183065907756,0.0066822631092973315,0.01674604528843937,1
MAR,0.1,1,knn,(Intercept),4.048137046471115,0.26742897049731484,3.523346243421242,4.572927849520987,4.0349672958498015,0.013169750621313092,1.049581606099745,1
MAR,0.1,1,knn,age,0.016730229799732748,0.0022510650989442742,0.012312839048103735,0.02114762055136176,0.01753512986073419,-8.049000610014408e-4,0.008834781503258025,1
MAR,0.1,1,knn,bmi,0.02800087786506393,0.00494111429747287,0.01830465334866274,0.03769710238146512,0.02897241650381511,-9.715386387511779e-4,0.019392449032802378,1
MAR,0.1,1,knn,income_ratio,-0.06620681565778418,0.02235917753152958,-0.11008347834876175,-0.0223301529668066,-0.05343704488580892,-0.012769770771975254,0.08775332538195516,1
MAR,0.1,1,knn,sexFemale,-0.07065748741357804,0.06934703757071496,-0.20674105183888625,0.06542607701173019,-0.09307566573776974,0.022418178324191698,0.27216712885061645,1
MAR,0.1,1,knn,smoking_statusYes,-0.008133923614800389,0.07090075399620074,-0.1472664325472283,0.1309985853176275,-0.022120133000263893,0.013986209385463504,0.2782650178648558,1
MAR,0.1,1,knn,systolic_bp,0.0026908914885920513,0.00201782056928032,-0.0012687904972225805,0.006650573474406683,0.0020175183065907756,6.733731820012757e-4,0.007919363971629264,1
MAR,0.1,2,knn,(Intercept),3.906467516514045,0.2634379369191458,3.3895085415289907,4.423426491499099,4.0349672958498015,-0.12849977933575651,1.0339179499701086,1
MAR,0.1,2,knn,age,0.01619597703892355,0.0022240246416445598,0.011831649286694952,0.020560304791152145,0.01753512986073419,-0.00133915282181064,0.008728655504457193,1
MAR,0.1,2,knn,bmi,0.031914707885503275,0.004991334715233729,0.022119933038832293,0.04170948273217426,0.02897241650381511,0.002942291381688167,0.019589549693341965,1
MAR,0.1,2,knn,income_ratio,-0.05643938129686859,0.022175881258408692,-0.0999563514751454,-0.012922411118591791,-0.05343704488580892,-0.0030023364110596668,0.0870339403565536,1
MAR,0.1,2,knn,sexFemale,-0.12803335157837553,0.06874559061169627,-0.26293666304893326,0.006869959892182226,-0.09307566573776974,-0.034957685840605796,0.26980662294111546,1
MAR,0.1,2,knn,smoking_statusYes,-0.03415357966479849,0.0703900756513991,-0.17228395596301604,0.10397679663341908,-0.022120133000263893,-0.012033446664534597,0.2762607525964351,1
MAR,0.1,2,knn,systolic_bp,0.00323788797848742,0.001962948746695249,-6.141159656188667e-4,0.007089891922593707,0.0020175183065907756,0.0012203696718966445,0.0077040078882125735,1
MAR,0.1,3,knn,(Intercept),4.159365358857701,0.2693019890919234,3.630899026823201,4.687831690892201,4.0349672958498015,0.12439806300789957,1.0569326640690004,1
MAR,0.1,3,knn,age,0.014861959965638681,0.002269798186004644,0.010407808231144827,0.019316111700132536,0.01753512986073419,-0.0026731698950955077,0.00890830346898771,1
MAR,0.1,3,knn,bmi,0.025614949713341877,0.004973244155067445,0.015855674983130348,0.035374224443553405,0.02897241650381511,-0.003357466790473232,0.019518549460423057,1
MAR,0.1,3,knn,income_ratio,-0.07855690230854652,0.022735976540966287,-0.12317297873762048,-0.033940825879472565,-0.05343704488580892,-0.025119857422737597,0.08923215285814792,1
MAR,0.1,3,knn,sexFemale,-0.11893077456106514,0.07030428569140745,-0.25689280042995594,0.019031251307825667,-0.09307566573776974,-0.025855108823295406,0.2759240517377816,1
MAR,0.1,3,knn,smoking_statusYes,-0.07551025570330394,0.07252389229396493,-0.21782793955960278,0.0668074281529949,-0.022120133000263893,-0.05339012270304005,0.2846353677125977,1
MAR,0.1,3,knn,systolic_bp,0.0036901240647972218,0.0020223463170158545,-2.7843904853368327e-4,0.007658687178128127,0.0020175183065907756,0.0016726057582064462,0.00793712622666181,1
MAR,0.1,4,knn,(Intercept),4.053303805259713,0.2652128836139841,3.532861753255655,4.57374585726377,4.0349672958498015,0.018336509409911272,1.0408841040081147,1
MAR,0.1,4,knn,age,0.01665527538958194,0.002262859058019594,0.012214740693440241,0.02109581008572364,0.01753512986073419,-8.798544711522485e-4,0.008881069392283399,1
MAR,0.1,4,knn,bmi,0.02502255599688228,0.004809222659083993,0.01558514980781843,0.03445996218594613,0.02897241650381511,-0.0039498605069328285,0.0188748123781277,1
MAR,0.1,4,knn,income_ratio,-0.0722992970745032,0.022229705018074114,-0.11592188862209332,-0.02867670552691306,-0.05343704488580892,-0.01886225218869427,0.08724518309518026,1
MAR,0.1,4,knn,sexFemale,-0.1010999189861661,0.06841653912114919,-0.23535751434134627,0.033157676369014066,-0.09307566573776974,-0.008024253248396368,0.26851519071036034,1
MAR,0.1,4,knn,smoking_statusYes,-0.12020915031114501,0.07030950246362186,-0.25818141334347644,0.017763112721186386,-0.022120133000263893,-0.09808901731088113,0.2759445260646628,1
MAR,0.1,4,knn,systolic_bp,0.003845975257778336,0.0020479666337000434,-1.7286403371712762e-4,0.0078648145492738,0.0020175183065907756,0.0018284569511875606,0.008037678582990928,1
MAR,0.1,5,knn,(Intercept),4.222699147746451,0.269379107367586,3.6940814822130426,4.7513168132798596,4.0349672958498015,0.18773185189664954,1.057235331066817,1
MAR,0.1,5,knn,age,0.01553357485834002,0.00223079563869139,0.0111559600004884,0.01991118971619164,0.01753512986073419,-0.0020015550023941685,0.00875522971570324,1
MAR,0.1,5,knn,bmi,0.025829265542962904,0.005020982291693036,0.015976311601373264,0.035682219484552545,0.02897241650381511,-0.003143150960852204,0.01970590788317928,1
MAR,0.1,5,knn,income_ratio,-0.07645770584155862,0.022296548741035566,-0.12021146855952178,-0.03270394312359546,-0.05343704488580892,-0.023020660955749693,0.08750752543592633,1
MAR,0.1,5,knn,sexFemale,-0.08928422490165866,0.06965894749531387,-0.22597986759023467,0.04741141778691735,-0.09307566573776974,0.0037914408361110763,0.273391285377152,1
MAR,0.1,5,knn,smoking_statusYes,-0.1323066457363212,0.07154610508848447,-0.272705563155978,0.008092271683335595,-0.022120133000263893,-0.11018651273605731,0.2807978348393136,1
MAR,0.1,5,knn,systolic_bp,0.0029039082540828804,0.0020273465773915085,-0.001074467149416581,0.006882283657582342,0.0020175183065907756,8.863899474921048e-4,0.007956750806998923,1
MAR,0.1,6,knn,(Intercept),3.9801144048353896,0.2723204126066306,3.445724851777819,4.51450395789296,4.0349672958498015,-0.05485289101441193,1.0687791061151408,1
MAR,0.1,6,knn,age,0.015541258421262964,0.0022615097574090817,0.011103371533059313,0.019979145309466616,0.01753512986073419,-0.0019938714394712245,0.008875773776407303,1
MAR,0.1,6,knn,bmi,0.024829415911598086,0.005074407031509564,0.014871623619627378,0.034787208203568794,0.02897241650381511,-0.004143000592217023,0.019915584583941416,1
MAR,0.1,6,knn,income_ratio,-0.05295964876648473,0.022398966705827725,-0.0969143919761652,-0.009004905556804249,-0.05343704488580892,4.7739611932419435e-4,0.08790948641936096,1
MAR,0.1,6,knn,sexFemale,-0.02704570304733137,0.06929220464803235,-0.16302166576638213,0.1089302596717194,-0.09307566573776974,0.06602996269043837,0.27195192543810154,1
MAR,0.1,6,knn,smoking_statusYes,-0.034530434815428085,0.07153697754839622,-0.1749114407534534,0.10585057112259724,-0.022120133000263893,-0.012410301815164192,0.28076201187605065,1
MAR,0.1,6,knn,systolic_bp,0.004066447488489526,0.0020457116692831246,5.203323959510585e-5,0.008080861737383946,0.0020175183065907756,0.00204892918189875,0.00802882849778884,1
MAR,0.1,7,knn,(Intercept),3.9337199420907205,0.26261681405692666,3.4183723023527985,4.4490675818286425,4.0349672958498015,-0.101247353759081,1.030695279475844,1
MAR,0.1,7,knn,age,0.01629144699079266,0.002196391377348217,0.011981345536238544,0.020601548445346778,0.01753512986073419,-0.001243682869941528,0.008620202909108234,1
MAR,0.1,7,knn,bmi,0.03006581716357092,0.0048700756482787525,0.020508995755549618,0.03962263857159222,0.02897241650381511,0.0010934006597558103,0.0191136428160426,1
MAR,0.1,7,knn,income_ratio,-0.07048853718905622,0.0221580899820791,-0.11397059455225945,-0.027006479825852983,-0.05343704488580892,-0.017051492303247297,0.08696411472640647,1
MAR,0.1,7,knn,sexFemale,-0.06952130691152225,0.06835572178797421,-0.20365955701754374,0.06461694319449923,-0.09307566573776974,0.023554358826247485,0.26827650021204297,1
MAR,0.1,7,knn,smoking_statusYes,-0.07164884887347972,0.07043453735949105,-0.2098664748643957,0.06656877711743625,-0.022120133000263893,-0.04952871587321583,0.27643525198183194,1
MAR,0.1,7,knn,systolic_bp,0.0034829006183179625,0.001953899653981383,-3.513457858204177e-4,0.007317147022456343,0.0020175183065907756,0.001465382311727187,0.0076684928082767605,1
MAR,0.1,8,knn,(Intercept),3.973225423463224,0.26202703731976573,3.4590351355519915,4.487415711374457,4.0349672958498015,-0.06174187238657769,1.0283805758224651,1
MAR,0.1,8,knn,age,0.015388510632417562,0.002213596869212657,0.011044645880358256,0.01973237538447687,0.01753512986073419,-0.0021466192283166267,0.008687729504118615,1
MAR,0.1,8,knn,bmi,0.03321002018503951,0.005020477052412816,0.023358057702703914,0.04306198266737511,0.02897241650381511,0.004237603681224403,0.019703924964671198,1
MAR,0.1,8,knn,income_ratio,-0.07843623819086029,0.022229890800636455,-0.1220591943099473,-0.034813282071773276,-0.05343704488580892,-0.02499919330505137,0.08724591223817402,1
MAR,0.1,8,knn,sexFemale,-0.10307914405527545,0.06863742037754893,-0.2377701870347318,0.031611898924180884,-0.09307566573776974,-0.010003478317505712,0.26938208595891266,1
MAR,0.1,8,knn,smoking_statusYes,-0.013949063646510412,0.0710235988826953,-0.15332263795982864,0.12542451066680782,-0.022120133000263893,0.008171069353753481,0.27874714862663647,1
MAR,0.1,8,knn,systolic_bp,0.002954599047396972,0.001990074397483545,-9.506350760499012e-4,0.006859833170843845,0.0020175183065907756,9.370807408061962e-4,0.007810468246893746,1
MAR,0.2,1,knn,(Intercept),3.9929955566197717,0.2863795682576823,3.4310169373118313,4.554974175927712,4.0349672958498015,-0.041971739230029836,1.1239572386158807,1
MAR,0.2,1,knn,age,0.014961612247144327,0.002321350175096893,0.010406297165597121,0.019516927328691532,0.01753512986073419,-0.002573517613589862,0.009110630163094411,1
MAR,0.2,1,knn,bmi,0.03154125197304894,0.0052433812807641846,0.0212518720756061,0.04183063187049178,0.02897241650381511,0.002568835469233831,0.020578759794885684,1
MAR,0.2,1,knn,income_ratio,-0.06434058705288392,0.023326017884994162,-0.11011453456147924,-0.018566639544288603,-0.05343704488580892,-0.010903542167075002,0.09154789501719063,1
MAR,0.2,1,knn,sexFemale,-0.1404779811501706,0.07045355046018602,-0.2787329176103436,-0.002223044689997594,-0.09307566573776974,-0.047402315412400864,0.276509872920346,1
MAR,0.2,1,knn,smoking_statusYes,-0.05769610725558807,0.07385162661953293,-0.20261927832464463,0.08722706381346848,-0.022120133000263893,-0.035575974255324175,0.2898463421381131,1
MAR,0.2,1,knn,systolic_bp,0.0034813512883886096,0.002145552051147125,-7.289853173012614e-4,0.0076916878940784805,0.0020175183065907756,0.001463832981797834,0.008420673211379742,1
MAR,0.2,2,knn,(Intercept),4.044829310746013,0.2824424725132109,3.4905766742797337,4.599081947212292,4.0349672958498015,0.009862014896211413,1.108505272932558,1
MAR,0.2,2,knn,age,0.017702577917290917,0.0023288997915166254,0.013132447801844199,0.022272708032737634,0.01753512986073419,1.6744805655672865e-4,0.009140260230893435,1
MAR,0.2,2,knn,bmi,0.029109978493672414,0.005293924528000826,0.01872141475965143,0.039498542227693396,0.02897241650381511,1.3756198985730508e-4,0.020777127468041966,1
MAR,0.2,2,knn,income_ratio,-0.05916826750082704,0.022940718446850146,-0.10418612040537761,-0.014150414596276473,-0.05343704488580892,-0.005731222615018121,0.09003570580910114,1
MAR,0.2,2,knn,sexFemale,-0.13871100303665393,0.06762852802812805,-0.27142224021848527,-0.005999765854822564,-0.09307566573776974,-0.04563533729888419,0.26542247436366273,1
MAR,0.2,2,knn,smoking_statusYes,0.0022291317333015897,0.0705322416180605,-0.13618022478037972,0.14063848824698288,-0.022120133000263893,0.02434926473356548,0.2768187130273626,1
MAR,0.2,2,knn,systolic_bp,0.002252131776734047,0.0021641585271062708,-0.0019947173557862937,0.006498980909254388,0.0020175183065907756,2.3461347014327137e-4,0.008493698265040681,1
MAR,0.2,3,knn,(Intercept),4.366397408298112,0.2790357564463062,3.818829961013802,4.913964855582422,4.0349672958498015,0.33143011244831033,1.09513489456862,1
MAR,0.2,3,knn,age,0.01792768320386029,0.002341791721835335,0.013332254533615123,0.022523111874105457,0.01753512986073419,3.925533431261008e-4,0.009190857340490334,1
MAR,0.2,3,knn,bmi,0.0338137120046944,0.005110100960027764,0.023785875523508748,0.04384154848588005,0.02897241650381511,0.004841295500879292,0.020055672962371304,1
MAR,0.2,3,knn,income_ratio,-0.10327329732403086,0.022519846239515882,-0.14746524919303697,-0.05908134545502474,-0.05343704488580892,-0.049836252438221935,0.08838390373801222,0
MAR,0.2,3,knn,sexFemale,-0.1905349626792795,0.06815580261301608,-0.32428090022403944,-0.056789025134519555,-0.09307566573776974,-0.09745929694150976,0.2674918750895199,1
MAR,0.2,3,knn,smoking_statusYes,-0.1097525548564326,0.07130002837737573,-0.2496685822040285,0.0301634724911633,-0.022120133000263893,-0.08763242185616871,0.2798320546951918,1
MAR,0.2,3,knn,systolic_bp,-9.286171487066743e-5,0.002141612968689222,-0.004295468439080165,0.00410974500933883,0.0020175183065907756,-0.002110380021461443,0.008405213448418995,1
MAR,0.2,4,knn,(Intercept),4.018007876934824,0.2800146217029425,3.468519547693887,4.567496206175762,4.0349672958498015,-0.01695941891497732,1.0989766584818752,1
MAR,0.2,4,knn,age,0.016013455425557117,0.002380816215984102,0.011341446811168792,0.020685464039945443,0.01753512986073419,-0.001521674435177072,0.009344017228776652,1
MAR,0.2,4,knn,bmi,0.024802047930600802,0.005287155534032416,0.0144267673714502,0.0351773284897514,0.02897241650381511,-0.004170368573214307,0.0207505611183012,1
MAR,0.2,4,knn,income_ratio,-0.07479217421850112,0.02303385250435516,-0.11999278928505105,-0.029591559151951198,-0.05343704488580892,-0.0213551293326922,0.09040123013309986,1
MAR,0.2,4,knn,sexFemale,-0.022486825575768962,0.06911773372117043,-0.15812041425192364,0.1131467631003857,-0.09307566573776974,0.07058884016200077,0.2712671773523093,1
MAR,0.2,4,knn,smoking_statusYes,-0.07057901175670592,0.07138656904749595,-0.21066486269403636,0.06950683918062453,-0.022120133000263893,-0.048458878756442024,0.2801717018746609,1
MAR,0.2,4,knn,systolic_bp,0.004250241111829859,0.002144580714943308,4.181061341581617e-5,0.008458671610243901,0.0020175183065907756,0.0022327228052390832,0.008416860996828085,1
MAR,0.2,5,knn,(Intercept),3.9551989098724056,0.2705076301447982,3.424366681072303,4.486031138672509,4.0349672958498015,-0.07976838597739588,1.0616644576002057,1
MAR,0.2,5,knn,age,0.016208834734436624,0.0022597537988585754,0.011774393661755984,0.020643275807117265,0.01753512986073419,-0.0013262951262975643,0.00886888214536128,1
MAR,0.2,5,knn,bmi,0.03175937941474454,0.005021583756335426,0.02190524518549908,0.041613513643990005,0.02897241650381511,0.002786962910929433,0.019708268458490923,1
MAR,0.2,5,knn,income_ratio,-0.09259495286797159,0.022729119744900505,-0.1371975738232163,-0.047992331912726886,-0.05343704488580892,-0.03915790798216267,0.0892052419104894,1
MAR,0.2,5,knn,sexFemale,-0.1392894291497766,0.06945170505562141,-0.2755783884257441,-0.0030004698738090863,-0.09307566573776974,-0.046213763412006864,0.27257791855193503,1
MAR,0.2,5,knn,smoking_statusYes,-0.17286371266643014,0.07231984330611864,-0.31478097979901265,-0.030946445533847622,-0.022120133000263893,-0.15074357966616625,0.28383453426516503,0
MAR,0.2,5,knn,systolic_bp,0.004179704107892971,0.002055084488766484,1.468970519127406e-4,0.008212511163873202,0.0020175183065907756,0.0021621858013021952,0.00806561411196046,1
MAR,0.2,6,knn,(Intercept),4.118114412770409,0.27581493392661327,3.5768673653793774,4.659361460161441,4.0349672958498015,0.08314711692060772,1.0824940947820636,1
MAR,0.2,6,knn,age,0.016338471509965712,0.002310748639874515,0.011803960413015117,0.020872982606916307,0.01753512986073419,-0.0011966583507684765,0.00906902219390119,1
MAR,0.2,6,knn,bmi,0.021552713256885767,0.0051952691160865325,0.011357746546954733,0.0317476799668168,0.02897241650381511,-0.007419703246929341,0.020389933419862068,1
MAR,0.2,6,knn,income_ratio,-0.09651292665932344,0.022847730781395913,-0.141348304675171,-0.05167754864347588,-0.05343704488580892,-0.04307588177351452,0.08967075603169514,1
MAR,0.2,6,knn,sexFemale,-0.09606593856635906,0.06952170073320102,-0.23249225426926384,0.04036037713654572,-0.09307566573776974,-0.0029902728285893243,0.27285263140580956,1
MAR,0.2,6,knn,smoking_statusYes,-0.12012971642253012,0.07373162310066884,-0.2648173978850703,0.024557965040010066,-0.022120133000263893,-0.09800958342226623,0.28937536292508037,1
MAR,0.2,6,knn,systolic_bp,0.004826963396155904,0.00203499600598956,8.335770917455246e-4,0.008820349700566284,0.0020175183065907756,0.0028094450895651286,0.007986772608820759,1
MAR,0.2,7,knn,(Intercept),4.104499604864702,0.2895691852133491,3.536261822084408,4.672737387644996,4.0349672958498015,0.06953230901490048,1.1364755655605876,1
MAR,0.2,7,knn,age,0.015051770548766432,0.002399133755009616,0.010343816404627833,0.01975972469290503,0.01753512986073419,-0.0024833593119677564,0.009415908288277198,1
MAR,0.2,7,knn,bmi,0.020570771215372683,0.005353910639319678,0.010064493385259877,0.03107704904548549,0.02897241650381511,-0.008401645288442425,0.021012555660225612,1
MAR,0.2,7,knn,income_ratio,-0.06596088881789734,0.023096260244208612,-0.11128397007744542,-0.02063780755834927,-0.05343704488580892,-0.01252384393208842,0.09064616251909616,1
MAR,0.2,7,knn,sexFemale,-0.06244085649356987,0.06981227999909968,-0.19943739211699044,0.0745556791298507,-0.09307566573776974,0.030634809244199868,0.27399307124684114,1
MAR,0.2,7,knn,smoking_statusYes,-0.06698289984063777,0.07265086957361536,-0.20954975830368516,0.07558395862240963,-0.022120133000263893,-0.04486276684037387,0.2851337169260948,1
MAR,0.2,7,knn,systolic_bp,0.0048744962116472265,0.002220438852388803,5.172050539192065e-4,0.009231787369375247,0.0020175183065907756,0.002856977905056451,0.008714582315456042,1
MAR,0.2,8,knn,(Intercept),4.070011762160669,0.27155432586686745,3.53712554389371,4.6028979804276275,4.0349672958498015,0.03504446631086733,1.0657724365339174,1
MAR,0.2,8,knn,age,0.01569051419579589,0.002334355776067595,0.011109677497182033,0.020271350894409745,0.01753512986073419,-0.0018446156649382997,0.009161673397227711,1
MAR,0.2,8,knn,bmi,0.025532860947470388,0.005145047330811142,0.01543644725135928,0.035629274643581496,0.02897241650381511,-0.0034395555563447207,0.020192827392222217,1
MAR,0.2,8,knn,income_ratio,-0.07383099824552337,0.022937899643488892,-0.11884331965482554,-0.028818676836221205,-0.05343704488580892,-0.020393953359714452,0.09002464281860434,1
MAR,0.2,8,knn,sexFemale,-0.08726414550993329,0.06935091884264574,-0.22335532637189615,0.04882703535202958,-0.09307566573776974,0.005811520227836445,0.27218236172392574,1
MAR,0.2,8,knn,smoking_statusYes,-0.012086540060264418,0.07182551408831758,-0.15303375736354677,0.12886067724301795,-0.022120133000263893,0.010033592939999475,0.2818944346065647,1
MAR,0.2,8,knn,systolic_bp,0.0036931996206253236,0.0020154196385784575,-2.6177088479601264e-4,0.00764817012604666,0.0020175183065907756,0.001675681314034548,0.007909941010842672,1
MAR,0.3,1,knn,(Intercept),3.942337583040013,0.29841117764353853,3.3567486647437312,4.527926501336294,4.0349672958498015,-0.0926297128097886,1.171177836592563,1
MAR,0.3,1,knn,age,0.015787923915614357,0.0024794916183143094,0.010922279048826599,0.020653568782402116,0.01753512986073419,-0.0017472059451198313,0.009731289733575517,1
MAR,0.3,1,knn,bmi,0.024592600671520984,0.005417715838788642,0.01396111433536709,0.035224087007674876,0.02897241650381511,-0.004379815832294125,0.021262972672307784,1
MAR,0.3,1,knn,income_ratio,-0.038693962176471954,0.02430321595335442,-0.08638552002503871,0.0089975956720948,-0.05343704488580892,0.014743082709336969,0.09538311569713351,1
MAR,0.3,1,knn,sexFemale,-0.078556606846572,0.07035501658504627,-0.21661818478105482,0.05950497108791082,-0.09307566573776974,0.014519058891197742,0.27612315586896563,1
MAR,0.3,1,knn,smoking_statusYes,0.030559939019518853,0.07372092563629683,-0.11410675021129733,0.17522662825033503,-0.022120133000263893,0.052680072019782746,0.2893333784616324,1
MAR,0.3,1,knn,systolic_bp,0.0042146003303909305,0.0022163025691505312,-1.3457396775296265e-4,0.008563774628534825,0.0020175183065907756,0.002197082023800155,0.008698348596287788,1
MAR,0.3,2,knn,(Intercept),3.926846205974559,0.28329129391598734,3.370927879868221,4.482764532080897,4.0349672958498015,-0.1081210898752425,1.1118366522126761,1
MAR,0.3,2,knn,age,0.01960089675406967,0.002316405675378339,0.015055284540439709,0.024146508967699633,0.01753512986073419,0.002065766893335482,0.009091224427259924,1
MAR,0.3,2,knn,bmi,0.03810326272620538,0.005537685585670725,0.027236353056181342,0.04897017239622942,0.02897241650381511,0.009130846222390271,0.021733819340048074,1
MAR,0.3,2,knn,income_ratio,-0.09447058943783539,0.023060107483660303,-0.13972272611645292,-0.04921845275921785,-0.05343704488580892,-0.041033544552026464,0.09050427335723507,1
MAR,0.3,2,knn,sexFemale,-0.13648393173949674,0.06929524078036729,-0.27246585243057747,-5.020110484160178e-4,-0.09307566573776974,-0.04340826600172701,0.27196384138216145,1
MAR,0.3,2,knn,smoking_statusYes,-0.17145582168128376,0.0698676879421788,-0.3085610874055972,-0.03435055595697037,-0.022120133000263893,-0.14933568868101987,0.27421053144862684,0
MAR,0.3,2,knn,systolic_bp,0.0017593178593144777,0.0020825223123248516,-0.002327331970065955,0.005845967688694911,0.0020175183065907756,-2.582004472762979e-4,0.008173299658760865,1
MAR,0.3,3,knn,(Intercept),3.918970771935158,0.28656084535192333,3.3566364224619916,4.481305121408324,4.0349672958498015,-0.11599652391464366,1.1246686989463326,1
MAR,0.3,3,knn,age,0.01574221136918778,0.002331206805845259,0.011167554070691596,0.020316868667683965,0.01753512986073419,-0.0017929184915464087,0.00914931459699237,1
MAR,0.3,3,knn,bmi,0.0288516694463628,0.005371667957575055,0.018310545439001798,0.039392793453723804,0.02897241650381511,-1.2074705745230771e-4,0.021082248014722006,1
MAR,0.3,3,knn,income_ratio,-0.08548693231084785,0.02348864639492486,-0.13158001482626994,-0.03939384979542576,-0.05343704488580892,-0.03204988742503893,0.09218616503084417,1
MAR,0.3,3,knn,sexFemale,-0.13822172537175337,0.06938896889363433,-0.27438757397362956,-0.002055876769877174,-0.09307566573776974,-0.04514605963398363,0.2723316972037524,1
MAR,0.3,3,knn,smoking_statusYes,-0.13334676972676365,0.07148645052516064,-0.27362862366547414,0.006935084211946829,-0.022120133000263893,-0.11122663672649977,0.28056370787742096,1
MAR,0.3,3,knn,systolic_bp,0.005193356800168168,0.0021145113619542633,0.001043933072310683,0.009342780528025653,0.0020175183065907756,0.0031758384935773928,0.00829884745571497,1
MAR,0.3,4,knn,(Intercept),4.18553455228545,0.28808521993976355,3.6202088374317345,4.750860267139165,4.0349672958498015,0.1505672564356484,1.1306514297074308,1
MAR,0.3,4,knn,age,0.017508438874310753,0.002354961361375156,0.012887166684954222,0.022129711063667283,0.01753512986073419,-2.6690986423435342e-5,0.009242544378713061,1
MAR,0.3,4,knn,bmi,0.028089687610075555,0.005663540890353093,0.016975805047438113,0.039203570172713,0.02897241650381511,-8.827288937395539e-4,0.022227765125274884,1
MAR,0.3,4,knn,income_ratio,-0.08476925641584766,0.02329062450122022,-0.13047374951096324,-0.03906476332073207,-0.05343704488580892,-0.03133221153003874,0.09140898619023118,1
MAR,0.3,4,knn,sexFemale,-0.12247351971656077,0.0721234266561387,-0.2640053474882406,0.019058308055119086,-0.09307566573776974,-0.029397853978791036,0.2830636555433597,1
MAR,0.3,4,knn,smoking_statusYes,-0.14732215593536155,0.07570459826345201,-0.2958815167382102,0.0012372048674871294,-0.022120133000263893,-0.12520202293509766,0.29711872160569736,1
MAR,0.3,4,knn,systolic_bp,0.002603076627367065,0.002129500627789948,-0.0015757613738969583,0.006781914628631088,0.0020175183065907756,5.855583207762896e-4,0.008357676002528047,1
MAR,0.3,5,knn,(Intercept),3.898822190620884,0.3109952097491043,3.2885389233840057,4.509105457857762,4.0349672958498015,-0.13614510522891754,1.2205665344737566,1
MAR,0.3,5,knn,age,0.014394354139234273,0.0023735884671541203,0.009736528939999795,0.019052179338468752,0.01753512986073419,-0.0031407757214999155,0.009315650398468957,1
MAR,0.3,5,knn,bmi,0.023664180443272547,0.005485609193341635,0.012899463186058165,0.03442889770048693,0.02897241650381511,-0.0053082360605425614,0.021529434514428767,1
MAR,0.3,5,knn,income_ratio,-0.05891650826563612,0.02371524044029632,-0.10545424893015728,-0.012378767601114948,-0.05343704488580892,-0.005479463379827194,0.09307548132904234,1
MAR,0.3,5,knn,sexFemale,-0.11323076905823724,0.07004986647519833,-0.2506935338914317,0.024231995774957174,-0.09307566573776974,-0.020155103320467507,0.27492552966638883,1
MAR,0.3,5,knn,smoking_statusYes,-0.0632882228480554,0.07229195399649427,-0.2051507612309177,0.07857431553480691,-0.022120133000263893,-0.0411680898477915,0.2837250767657246,1
MAR,0.3,5,knn,systolic_bp,0.0061847788019670225,0.002306937425107124,0.0016577466645870936,0.010711810939346951,0.0020175183065907756,0.004167260495376247,0.009054064274759858,1
MAR,0.3,6,knn,(Intercept),4.30314478093773,0.29728535654349125,3.7197651242561705,4.88652443761929,4.0349672958498015,0.2681774850879286,1.1667593133631193,1
MAR,0.3,6,knn,age,0.015153997585908482,0.0024843948443004985,0.010278730844953381,0.020029264326863583,0.01753512986073419,-0.0023811322748257067,0.009750533481910201,1
MAR,0.3,6,knn,bmi,0.022742254741945387,0.005332093922970402,0.012278789072652542,0.03320572041123823,0.02897241650381511,-0.0062301617618697215,0.02092693133858569,1
MAR,0.3,6,knn,income_ratio,-0.06457584327206413,0.023854851057933852,-0.1113875496479592,-0.017764136896169055,-0.05343704488580892,-0.011138798386255207,0.09362341275179015,1
MAR,0.3,6,knn,sexFemale,-0.04828442599519769,0.07276117092630376,-0.1910677349622693,0.09449888297187392,-0.09307566573776974,0.04479123974257205,0.28556661793414323,1
MAR,0.3,6,knn,smoking_statusYes,-0.05219058738147636,0.07610096042216595,-0.20152775178272825,0.09714657701977553,-0.022120133000263893,-0.030070454381212468,0.2986743288025038,1
MAR,0.3,6,knn,systolic_bp,0.0027055649010984985,0.002250128792421856,-0.0017099884839546827,0.00712111828615168,0.0020175183065907756,6.880465945077229e-4,0.008831106770106362,1
MAR,0.3,7,knn,(Intercept),4.471657333728901,0.29590763515914686,3.890981256657002,5.0523334108008005,4.0349672958498015,0.43669003787909944,1.1613521541437986,1
MAR,0.3,7,knn,age,0.01753812199050301,0.0023619825685712087,0.012903071694174957,0.022173172286831064,0.01753512986073419,2.9921297688209614e-6,0.009270100592656106,1
MAR,0.3,7,knn,bmi,0.029757273713549387,0.005410770435206002,0.019139416730703254,0.04037513069639552,0.02897241650381511,7.848572097342785e-4,0.021235713965692266,1
MAR,0.3,7,knn,income_ratio,-0.06740182923896022,0.024059366953779922,-0.11461486857821351,-0.020188789899706933,-0.05343704488580892,-0.0139647843531513,0.09442607867850658,1
MAR,0.3,7,knn,sexFemale,-0.0735881438027619,0.07134491101845976,-0.21359224686337303,0.06641595925784925,-0.09307566573776974,0.019487521935007843,0.2800082061212223,1
MAR,0.3,7,knn,smoking_statusYes,-0.187321965731035,0.07480281031007369,-0.3341116976737267,-0.04053223378834328,-0.022120133000263893,-0.1652018327307711,0.2935794638853835,0
MAR,0.3,7,knn,systolic_bp,-5.609430952698e-4,0.00221908488076457,-0.004915577278868702,0.003793691088329102,0.0020175183065907756,-0.002578461401860576,0.008709268367197804,1
MAR,0.3,8,knn,(Intercept),3.6791692803038694,0.28491096072296856,3.120072591573885,4.238265969033853,4.0349672958498015,-0.35579801554593216,1.1181933774599684,1
MAR,0.3,8,knn,age,0.013574970928714288,0.0023315075760108896,0.008999723412125946,0.01815021844530263,0.01753512986073419,-0.003960158932019901,0.009150495033176685,1
MAR,0.3,8,knn,bmi,0.028942202933825018,0.005081702595525685,0.018970094149173642,0.038914311718476396,0.02897241650381511,-3.0213569990091005e-5,0.019944217569302754,1
MAR,0.3,8,knn,income_ratio,-0.0632569145655014,0.023804157342648465,-0.10996914183296358,-0.016544687298039214,-0.05343704488580892,-0.009819869679692471,0.09342445453492437,1
MAR,0.3,8,knn,sexFemale,-0.036799367440750706,0.07013184370293746,-0.17442300076585543,0.100824265884354,-0.09307566573776974,0.05627629829701903,0.27524726665020943,1
MAR,0.3,8,knn,smoking_statusYes,-0.07153322007157166,0.07210102415351247,-0.21302108616130777,0.06995464601816444,-0.022120133000263893,-0.04941308707130777,0.2829757321794722,1
MAR,0.3,8,knn,systolic_bp,0.006864535881478454,0.0022115194326936664,0.002524747799112257,0.011204323963844652,0.0020175183065907756,0.004847017574887679,0.008679576164732396,0
MCAR,0.1,1,knn,(Intercept),4.174557372021602,0.2590911202837943,3.6661283980627437,4.68298634598046,4.0349672958498015,0.13959007617180053,1.0168579479177162,1
MCAR,0.1,1,knn,age,0.015523941048552028,0.0022356092785692024,0.011136880116356359,0.019911001980747696,0.01753512986073419,-0.0020111888121821606,0.008774121864391337,1
MCAR,0.1,1,knn,bmi,0.02666190336511851,0.004729717553954902,0.017380514483714596,0.03594329224652242,0.02897241650381511,-0.0023105131386965995,0.018562777762807826,1
MCAR,0.1,1,knn,income_ratio,-0.08003574549571374,0.022465450541660305,-0.12412095364915679,-0.03595053734227068,-0.05343704488580892,-0.026598700609904817,0.0881704163068861,1
MCAR,0.1,1,knn,sexFemale,-0.10236069050293713,0.06834873580384221,-0.23648523162217272,0.03176385061629845,-0.09307566573776974,-0.00928502476516739,0.26824908223847116,1
MCAR,0.1,1,knn,smoking_statusYes,-0.12193102557251555,0.070154082318083,-0.25959829897400855,0.015736247828977465,-0.022120133000263893,-0.09981089257225165,0.275334546802986,1
MCAR,0.1,1,knn,systolic_bp,0.0030029495446272573,0.002009603859045408,-9.406083318412978e-4,0.006946507421095812,0.0020175183065907756,9.854312380364817e-4,0.00788711575293711,1
MCAR,0.1,2,knn,(Intercept),3.9838187235915554,0.2626006060366965,3.4685028897568477,4.499134557426263,4.0349672958498015,-0.051148572258246094,1.0306316676694154,1
MCAR,0.1,2,knn,age,0.01682008833377657,0.002175128136871377,0.012551712923429752,0.021088463744123386,0.01753512986073419,-7.150415269576195e-4,0.008536750820693634,1
MCAR,0.1,2,knn,bmi,0.028027013779146483,0.004607435592493266,0.01898558561940496,0.037068441938888,0.02897241650381511,-9.454027246686252e-4,0.018082856319483042,1
MCAR,0.1,2,knn,income_ratio,-0.08041939090604401,0.022100406755009384,-0.12378825325151925,-0.03705052856056877,-0.05343704488580892,-0.02698234602023509,0.08673772469095048,1
MCAR,0.1,2,knn,sexFemale,-0.11067896855222994,0.0676736066008273,-0.24347866593462672,0.02212072883016683,-0.09307566573776974,-0.01760330281446021,0.26559939476479355,1
MCAR,0.1,2,knn,smoking_statusYes,-0.1438414880810453,0.06909820984294292,-0.279436763960667,-0.008246212201423575,-0.022120133000263893,-0.12172135508078141,0.27119055175924345,1
MCAR,0.1,2,knn,systolic_bp,0.003770905213475247,0.001990092608687355,-1.3436464683384483e-4,0.007676175073784339,0.0020175183065907756,0.0017533869068844716,0.007810539720618184,1
MCAR,0.1,3,knn,(Intercept),4.01478472950195,0.2618493699338697,3.5009430882236785,4.528626370780222,4.0349672958498015,-0.020182566347851427,1.0276832825565432,1
MCAR,0.1,3,knn,age,0.015557285265010098,0.002226499703107506,0.011188100561455989,0.019926469968564207,0.01753512986073419,-0.001977844595724091,0.008738369407108218,1
MCAR,0.1,3,knn,bmi,0.0315603568559212,0.004712967831902584,0.022311836889468244,0.040808876822374156,0.02897241650381511,0.002587940352106091,0.018497039932905912,1
MCAR,0.1,3,knn,income_ratio,-0.0691843325094606,0.02209537907646995,-0.11254332876057335,-0.02582533625834784,-0.05343704488580892,-0.015747287623651678,0.0867179925022255,1
MCAR,0.1,3,knn,sexFemale,-0.08324508686126517,0.06804901939725073,-0.216781477738551,0.050291304016020666,-0.09307566573776974,0.00983057887650457,0.26707278175457166,1
MCAR,0.1,3,knn,smoking_statusYes,-0.10491210238829764,0.06985785448241111,-0.24199807136537138,0.03217386658877609,-0.022120133000263893,-0.08279196938803374,0.27417193795414746,1
MCAR,0.1,3,knn,systolic_bp,0.0028461162473340305,0.0020029759235972895,-0.0010844352612757522,0.006776667755943813,0.0020175183065907756,8.285979407432549e-4,0.007861103017219566,1
MCAR,0.1,4,knn,(Intercept),4.027506679297907,0.2601134743243895,3.5170714829130802,4.5379418756827326,4.0349672958498015,-0.007460616551894894,1.0208703927696523,1
MCAR,0.1,4,knn,age,0.014728282392450468,0.0022237014571018865,0.010364588843297804,0.019091975941603133,0.01753512986073419,-0.0028068474682837203,0.008727387098305329,1
MCAR,0.1,4,knn,bmi,0.02892202803287941,0.004760925411163443,0.019579398230510654,0.03826465783524817,0.02897241650381511,-5.038847093569859e-5,0.018685259604737516,1
MCAR,0.1,4,knn,income_ratio,-0.07369102102050644,0.02229276236532077,-0.11743735352195894,-0.029944688519053943,-0.05343704488580892,-0.020253976134697517,0.087492665002905,1
MCAR,0.1,4,knn,sexFemale,-0.09179846197614881,0.06813863219075872,-0.22551070504245196,0.04191378109015435,-0.09307566573776974,0.0012772037616209236,0.26742448613260633,1
MCAR,0.1,4,knn,smoking_statusYes,-0.15895868296907312,0.07042864169205922,-0.2971647395625513,-0.020752626375594968,-0.022120133000263893,-0.13683854996880923,0.27641211318695635,1
MCAR,0.1,4,knn,systolic_bp,0.004014125921027318,0.002023304133866765,4.3683230201763124e-5,0.007984568611852873,0.0020175183065907756,0.0019966076144365425,0.00794088538165111,1
MCAR,0.1,5,knn,(Intercept),3.9693130240286774,0.26123157540609804,3.4566837154522303,4.481942332605124,4.0349672958498015,-0.06565427182112415,1.0252586171528937,1
MCAR,0.1,5,knn,age,0.01509429315913712,0.002218800564614026,0.010740216904997716,0.019448369413276524,0.01753512986073419,-0.0024408367015970687,0.008708152508278808,1
MCAR,0.1,5,knn,bmi,0.022086123574255438,0.004780986372598385,0.012704127026983097,0.031468120121527776,0.02897241650381511,-0.006886292929559671,0.018763993094544677,1
MCAR,0.1,5,knn,income_ratio,-0.07505229146264593,0.022367650074090563,-0.11894558029702967,-0.031159002628262183,-0.05343704488580892,-0.021615246576837006,0.08778657766876749,1
MCAR,0.1,5,knn,sexFemale,-0.08724076964921865,0.06864490031864223,-0.22194649093479052,0.047464951636353225,-0.09307566573776974,0.005834896088551089,0.26941144257114374,1
MCAR,0.1,5,knn,smoking_statusYes,-0.060362503884213,0.07026763322492538,-0.19825260457131397,0.07752759680288798,-0.022120133000263893,-0.038242370883949106,0.27578020137420195,1
MCAR,0.1,5,knn,systolic_bp,0.00560917681501492,0.0020034450864972963,0.0016777046418466265,0.009540648988183213,0.0020175183065907756,0.003591658508424144,0.007862944346336586,1
MCAR,0.1,6,knn,(Intercept),3.832303140715779,0.269918097727599,3.3026277842996614,4.361978497131897,4.0349672958498015,-0.20266415513402247,1.0593507128322357,1
MCAR,0.1,6,knn,age,0.014804061690313654,0.0021905194718056203,0.010505483003915142,0.019102640376712166,0.01753512986073419,-0.002731068170420535,0.008597157372797024,1
MCAR,0.1,6,knn,bmi,0.031159394139255482,0.004882436293103184,0.021578316747630145,0.04074047153088082,0.02897241650381511,0.0021869776354403736,0.019162154783250673,1
MCAR,0.1,6,knn,income_ratio,-0.0660410736048288,0.022488664393784857,-0.11017183559664498,-0.02191031161301262,-0.05343704488580892,-0.012604028719019882,0.08826152398363235,1
MCAR,0.1,6,knn,sexFemale,-0.11119263672792684,0.06835569064198184,-0.24533082571442819,0.022945552258574503,-0.09307566573776974,-0.018116970990157105,0.2682763779730027,1
MCAR,0.1,6,knn,smoking_statusYes,-0.0509538476773077,0.0703077681468128,-0.1889227073629139,0.08701501200829848,-0.022120133000263893,-0.028833714677043806,0.27593771937121236,1
MCAR,0.1,6,knn,systolic_bp,0.004491902416678077,0.002026581373933845,5.150286146554375e-4,0.008468776218700718,0.0020175183065907756,0.0024743841100873017,0.00795374760404528,1
MCAR,0.1,7,knn,(Intercept),4.14589362648725,0.261173636483222,3.6333780146946903,4.658409238279809,4.0349672958498015,0.11092633063744817,1.0250312235851187,1
MCAR,0.1,7,knn,age,0.016322371205098232,0.0022398222817318005,0.0119270428615266,0.020717699548669866,0.01753512986073419,-0.0012127586556359565,0.008790656687143265,1
MCAR,0.1,7,knn,bmi,0.029521638296686168,0.004727686801490337,0.020244234474248356,0.03879904211912398,0.02897241650381511,5.492217928710595e-4,0.018554807644875625,1
MCAR,0.1,7,knn,income_ratio,-0.08572516614979601,0.02216434291781601,-0.12921949399798333,-0.04223083830160872,-0.05343704488580892,-0.03228812126398709,0.08698865569637461,1
MCAR,0.1,7,knn,sexFemale,-0.13343113576209176,0.06940851030118073,-0.26963533155926217,0.002773060035078656,-0.09307566573776974,-0.04035547002432202,0.2724083915943408,1
MCAR,0.1,7,knn,smoking_statusYes,-0.06186522171295432,0.07075518628124106,-0.20071207498926624,0.07698163156335762,-0.022120133000263893,-0.039745088712690425,0.2776937065526239,1
MCAR,0.1,7,knn,systolic_bp,0.0023454041470356494,0.001993075056885972,-0.001565718337924751,0.006256526631996049,0.0020175183065907756,3.2788584044487383e-4,0.0078222449699208,1
MCAR,0.1,8,knn,(Intercept),4.004730683925384,0.2597915794955123,3.4949271597390856,4.514534208111683,4.0349672958498015,-0.03023661192441729,1.0196070483725972,1
MCAR,0.1,8,knn,age,0.01547711033074479,0.002208656027809574,0.011142941267685984,0.019811279393803595,0.01753512986073419,-0.002058019529989399,0.00866833812611761,1
MCAR,0.1,8,knn,bmi,0.027460924887871867,0.004709176140249265,0.018219845569692594,0.036702004206051145,0.02897241650381511,-0.001511491615943241,0.01848215863635855,1
MCAR,0.1,8,knn,income_ratio,-0.06118979168729706,0.02263654540014705,-0.10561074883613127,-0.016768834538462854,-0.05343704488580892,-0.007752746801488138,0.08884191429766841,1
MCAR,0.1,8,knn,sexFemale,-0.11811497019472522,0.06831169571848296,-0.25216682548600217,0.015936885096551723,-0.09307566573776974,-0.025039304456955486,0.2681037105825539,1
MCAR,0.1,8,knn,smoking_statusYes,-0.02835460965916352,0.07022029685867356,-0.16615181955132724,0.10944260023300019,-0.022120133000263893,-0.006234476658899625,0.2755944197843274,1
MCAR,0.1,8,knn,systolic_bp,0.0036379711334592595,0.0020287137474779334,-3.4308714424873075e-4,0.00761902941116725,0.0020175183065907756,0.001620452826868484,0.00796211655541598,1
MCAR,0.2,1,knn,(Intercept),4.090481128007184,0.2662421448598213,3.5680192991825876,4.61294295683178,4.0349672958498015,0.05551383215738248,1.0449236576491927,1
MCAR,0.2,1,knn,age,0.01735276654843554,0.0023537049533201185,0.012733959878767975,0.021971573218103103,0.01753512986073419,-1.823633122986501e-4,0.009237613339335128,1
MCAR,0.2,1,knn,bmi,0.026936857500570996,0.0048357069087070275,0.017447479789491415,0.03642623521165057,0.02897241650381511,-0.0020355590032441126,0.018978755422159158,1
MCAR,0.2,1,knn,income_ratio,-0.08554245582269901,0.022868354410120143,-0.1304183047368934,-0.040666606908504634,-0.05343704488580892,-0.03210541093689009,0.08975169782838877,1
MCAR,0.2,1,knn,sexFemale,-0.03691182069053841,0.06882028517757055,-0.17196170947893774,0.09813806809786091,-0.09307566573776974,0.05616384504723133,0.27009977757679865,1
MCAR,0.2,1,knn,smoking_statusYes,-0.04758316826296607,0.07072850853159413,-0.1863776703013596,0.09121133377542745,-0.022120133000263893,-0.025463035262702174,0.27758900407678705,1
MCAR,0.2,1,knn,systolic_bp,0.002470549635532885,0.0020604320418017657,-0.0015727512223960216,0.006513850493461791,0.0020175183065907756,4.5303132894210923e-4,0.008086601715857813,1
MCAR,0.2,2,knn,(Intercept),3.920568456912429,0.2730704755542957,3.3847070134463095,4.456429900378549,4.0349672958498015,-0.11439883893737246,1.071722886932239,1
MCAR,0.2,2,knn,age,0.01469468538821483,0.0022461013911202507,0.010287035197641077,0.019102335578788585,0.01753512986073419,-0.002840444472519358,0.008815300381147508,1
MCAR,0.2,2,knn,bmi,0.024185398190035772,0.0051141234290673935,0.014149668193223804,0.03422112818684774,0.02897241650381511,-0.004787018313779336,0.02007145999362394,1
MCAR,0.2,2,knn,income_ratio,-0.05556904409542748,0.02305144218303619,-0.10080417637072722,-0.010333911820127745,-0.05343704488580892,-0.002131999209618561,0.09047026455059948,1
MCAR,0.2,2,knn,sexFemale,-0.10998244306751476,0.06882177718153004,-0.24503525969860293,0.025070373563573417,-0.09307566573776974,-0.01690677732974502,0.27010563326217635,1
MCAR,0.2,2,knn,smoking_statusYes,-0.05717857045868883,0.07131086905732914,-0.19711587107794173,0.08275873016056409,-0.022120133000263893,-0.035058437458424935,0.2798746012385058,1
MCAR,0.2,2,knn,systolic_bp,0.005373113295084686,0.002072783552369405,0.0013055743782139362,0.009440652211955437,0.0020175183065907756,0.003355594988493911,0.0081350778337415,1
MCAR,0.2,3,knn,(Intercept),3.788775233088699,0.27692504849160093,3.245349745893805,4.332200720283592,4.0349672958498015,-0.24619206276110273,1.0868509743897872,1
MCAR,0.2,3,knn,age,0.013661791174522262,0.002305898796938189,0.009136797195199154,0.01818678515384537,0.01753512986073419,-0.0038733386862119263,0.009049987958646217,1
MCAR,0.2,3,knn,bmi,0.02949189281044717,0.004945712078751858,0.019786645811084767,0.03919713980980957,0.02897241650381511,5.194763066320614e-4,0.019410493998724805,1
MCAR,0.2,3,knn,income_ratio,-0.05388464250795558,0.023360429339456333,-0.09972611753530751,-0.008043167480603644,-0.05343704488580892,-4.475976221466546e-4,0.09168295005470387,1
MCAR,0.2,3,knn,sexFemale,-0.026307590021243176,0.0691001148891591,-0.16190660427943987,0.10929142423695352,-0.09307566573776974,0.06676807571652656,0.2711980285163934,1
MCAR,0.2,3,knn,smoking_statusYes,-0.021756107602590405,0.07185266731861815,-0.1627566092060304,0.11924439400084962,-0.022120133000263893,3.6402539767348835e-4,0.28200100320688004,1
MCAR,0.2,3,knn,systolic_bp,0.005113144109016559,0.0021235534222406867,9.45976641316253e-4,0.009280311576716865,0.0020175183065907756,0.0030956258024257832,0.008334334935400612,1
MCAR,0.2,4,knn,(Intercept),4.209409688793542,0.2784941551478491,3.662905055982255,4.755914321604829,4.0349672958498015,0.17444239294374064,1.0930092656225736,1
MCAR,0.2,4,knn,age,0.016010082446469287,0.0022869427196856073,0.011522287036117813,0.02049787785682076,0.01753512986073419,-0.0015250474142649018,0.008975590820702949,1
MCAR,0.2,4,knn,bmi,0.021138457393794725,0.004989136484675037,0.011347996257706553,0.030928918529882898,0.02897241650381511,-0.007833959110020383,0.019580922272176345,1
MCAR,0.2,4,knn,income_ratio,-0.07781623463366938,0.022314432087845417,-0.12160509084175108,-0.03402737842558768,-0.05343704488580892,-0.024379189747860457,0.08757771241616341,1
MCAR,0.2,4,knn,sexFemale,-0.10423575971061837,0.0694504523772006,-0.24052226078576644,0.03205074136452969,-0.09307566573776974,-0.011160093972848631,0.2725730021502961,1
MCAR,0.2,4,knn,smoking_statusYes,-0.03594393646635935,0.07102216068969489,-0.17531468853323876,0.10342681560052006,-0.022120133000263893,-0.013823803466095456,0.2787415041337588,1
MCAR,0.2,4,knn,systolic_bp,0.0034958148512132512,0.0020529054987104213,-5.32716250896939e-4,0.007524345953323441,0.0020175183065907756,0.0014782965446224756,0.00805706220422038,1
MCAR,0.2,5,knn,(Intercept),4.043638107854155,0.2917493285403328,3.4711221080758894,4.616154107632419,4.0349672958498015,0.008670812004353046,1.14503199955653,1
MCAR,0.2,5,knn,age,0.014695247849487867,0.0023191941620208495,0.010144163632799689,0.019246332066176045,0.01753512986073419,-0.0028398820112463218,0.009102168433376356,1
MCAR,0.2,5,knn,bmi,0.02763115220315924,0.005055589201993383,0.01771028718890675,0.03755201721741173,0.02897241650381511,-0.00134126430065587,0.019841730028504978,1
MCAR,0.2,5,knn,income_ratio,-0.06715885665721456,0.023127864564264886,-0.11254395683891356,-0.021773756475515563,-0.05343704488580892,-0.013721811771405641,0.090770200363398,1
MCAR,0.2,5,knn,sexFemale,-0.031518936180419586,0.07046278289350913,-0.16979198996007647,0.10675411759923728,-0.09307566573776974,0.06155672955735015,0.27654610755931375,1
MCAR,0.2,5,knn,smoking_statusYes,-0.006448387051057766,0.07364267453755197,-0.15096151978097022,0.13806474567885468,-0.022120133000263893,0.015671745949206128,0.2890262654598249,1
MCAR,0.2,5,knn,systolic_bp,0.003375003801591499,0.002190628830289168,-9.237894850662701e-4,0.0076737970882492686,0.0020175183065907756,0.0013574854950007234,0.008597586573315538,1
MCAR,0.2,6,knn,(Intercept),4.302498335563541,0.27619721597996727,3.7605011147511407,4.844495556375942,4.0349672958498015,0.2675310397137398,1.0839944416248013,1
MCAR,0.2,6,knn,age,0.01597373349123797,0.0023145982589280367,0.011431668071841393,0.02051579891063455,0.01753512986073419,-0.001561396369496218,0.009084130838793156,1
MCAR,0.2,6,knn,bmi,0.02065903641813289,0.0050242666358113475,0.010799637424669719,0.030518435411596066,0.02897241650381511,-0.008313380085682217,0.01971879798692635,1
MCAR,0.2,6,knn,income_ratio,-0.09729965229755766,0.02313529234178908,-0.1426993284218875,-0.0518999761732278,-0.05343704488580892,-0.04386260741174874,0.0907993522486597,1
MCAR,0.2,6,knn,sexFemale,-0.166060911757655,0.06999145488781792,-0.3034090522710094,-0.028712771244300606,-0.09307566573776974,-0.07298524601988526,0.2746962810267088,1
MCAR,0.2,6,knn,smoking_statusYes,-0.14592783908020185,0.07154031029357605,-0.2863153850502066,-0.005540293110197075,-0.022120133000263893,-0.12380770607993796,0.2807750919400095,1
MCAR,0.2,6,knn,systolic_bp,0.004007915622076217,0.002062419128244674,-3.9284606546014476e-5,0.008055115850698447,0.0020175183065907756,0.0019903973154854412,0.008094400457244463,1
MCAR,0.2,7,knn,(Intercept),3.8102425736141576,0.281728705355786,3.257390602300345,4.36309454492797,4.0349672958498015,-0.22472472223564388,1.1057039426276245,1
MCAR,0.2,7,knn,age,0.01577303493936833,0.0023044578031614954,0.011250868702603757,0.020295201176132906,0.01753512986073419,-0.0017620949213658574,0.009044332473529149,1
MCAR,0.2,7,knn,bmi,0.02820292552277455,0.004863083010348678,0.018659826158658722,0.03774602488689038,0.02897241650381511,-7.69490981040559e-4,0.019086198728231654,1
MCAR,0.2,7,knn,income_ratio,-0.053722391822337165,0.02292803212352719,-0.09871534964617892,-0.0087294339984954,-0.05343704488580892,-2.8534693652824267e-4,0.08998591564768352,1
MCAR,0.2,7,knn,sexFemale,-0.08914230395706026,0.0693495516380444,-0.22523080187708405,0.046946193962963526,-0.09307566573776974,0.0039333617807094795,0.27217699584004756,1
MCAR,0.2,7,knn,smoking_statusYes,-0.012348745848253528,0.07078844589532358,-0.15126086632262195,0.12656337462611492,-0.022120133000263893,0.009771387152010366,0.27782424094873687,1
MCAR,0.2,7,knn,systolic_bp,0.004444860670773491,0.002051525165465861,4.1903827367211974e-4,0.008470683067874862,0.0020175183065907756,0.002427342364182715,0.008051644794202742,1
MCAR,0.2,8,knn,(Intercept),4.037460040931039,0.2773743488450137,3.493152866562016,4.581767215300062,4.0349672958498015,0.002492745081237757,1.0886143487380462,1
MCAR,0.2,8,knn,age,0.013912079390406944,0.0023504778344526334,0.009299605476307543,0.018524553304506343,0.01753512986073419,-0.003623050470327245,0.0092249478281988,1
MCAR,0.2,8,knn,bmi,0.02226845161557201,0.004919612032370422,0.01261442219474899,0.031922481036395035,0.02897241650381511,-0.006703964888243097,0.019308058841646047,1
MCAR,0.2,8,knn,income_ratio,-0.07324437446649458,0.02302015187026222,-0.11841810401366881,-0.028070644919320348,-0.05343704488580892,-0.019807329580685658,0.09034745909434846,1
MCAR,0.2,8,knn,sexFemale,-0.09650069050107124,0.06879496174436665,-0.23150088570233848,0.038499504700196,-0.09307566573776974,-0.003425024763301504,0.2700003904025345,1
MCAR,0.2,8,knn,smoking_statusYes,-0.07046649710363398,0.07185797354046307,-0.21147741140251974,0.07054441719525179,-0.022120133000263893,-0.048346364103370086,0.28202182859777153,1
MCAR,0.2,8,knn,systolic_bp,0.005548050956299462,0.002099912603701596,0.0014272751870109419,0.009668826725587982,0.0020175183065907756,0.0035305326497086864,0.00824155153857704,1
MCAR,0.3,1,knn,(Intercept),4.198398594515944,0.28543928509811245,3.6382651453609878,4.7585320436709,4.0349672958498015,0.1634312986661426,1.1202668983099127,1
MCAR,0.3,1,knn,age,0.016030451448383384,0.0023950506993029963,0.011330509712471123,0.020730393184295644,0.01753512986073419,-0.0015046784123508052,0.009399883471824522,1
MCAR,0.3,1,knn,bmi,0.024116975812301912,0.005364146147598205,0.013590612272704741,0.03464333935189908,0.02897241650381511,-0.0048554406915131965,0.02105272707919434,1
MCAR,0.3,1,knn,income_ratio,-0.077062854761601,0.024316078134961464,-0.12477965278740802,-0.02934605673579399,-0.05343704488580892,-0.023625809875792082,0.09543359605161403,1
MCAR,0.3,1,knn,sexFemale,-0.11365501061975636,0.06961920831706342,-0.25027267089966576,0.022962649660153073,-0.09307566573776974,-0.020579344881986622,0.2732353205598188,1
MCAR,0.3,1,knn,smoking_statusYes,-0.07423110251896807,0.07338723948215843,-0.2182429807752243,0.06978077573728815,-0.022120133000263893,-0.05211096951870418,0.28802375651251244,1
MCAR,0.3,1,knn,systolic_bp,0.0031588165779641597,0.0021286782473104193,-0.0010184076201600555,0.007336040776088374,0.0020175183065907756,0.001141298271373384,0.00835444839624843,1
MCAR,0.3,2,knn,(Intercept),3.9909248663799395,0.28338158552910864,3.434829355998949,4.54702037676093,4.0349672958498015,-0.04404242946986203,1.1121910207619807,1
MCAR,0.3,2,knn,age,0.01581015332642869,0.0023625637973615507,0.01117396245238734,0.02044634420047004,0.01753512986073419,-0.0017249765343054987,0.009272381748082701,1
MCAR,0.3,2,knn,bmi,0.024333876709004644,0.004904982689507335,0.014708555264639572,0.033959198153369716,0.02897241650381511,-0.0046385397948104645,0.019250642888730143,1
MCAR,0.3,2,knn,income_ratio,-0.06751337131495734,0.02475250977847277,-0.11608660352681666,-0.018940139103098018,-0.05343704488580892,-0.014076326429148418,0.09714646442371863,1
MCAR,0.3,2,knn,sexFemale,-0.02666487736609873,0.07038724547974193,-0.16478969986042596,0.11145994512822849,-0.09307566573776974,0.066410788371671,0.27624964498865445,1
MCAR,0.3,2,knn,smoking_statusYes,-0.060593246145624294,0.07508561293788854,-0.20793793747764316,0.08675144518639456,-0.022120133000263893,-0.0384731131453604,0.2946893826640377,1
MCAR,0.3,2,knn,systolic_bp,0.004097881757428026,0.0020671182590293567,4.146016204981378e-5,0.008154303352806237,0.0020175183065907756,0.0020803634508372503,0.008112843190756423,1
MCAR,0.3,3,knn,(Intercept),3.8903216286860083,0.28731296133507606,3.326511360018106,4.454131897353911,4.0349672958498015,-0.14464566716379323,1.1276205373358046,1
MCAR,0.3,3,knn,age,0.014332373462622002,0.002474957120550249,0.00947562689402013,0.019189120031223875,0.01753512986073419,-0.0032027563981121866,0.009713493137203745,1
MCAR,0.3,3,knn,bmi,0.02378354490205446,0.005097867604645577,0.013779714617292004,0.03378737518681692,0.02897241650381511,-0.005188871601760649,0.020007660569524913,1
MCAR,0.3,3,knn,income_ratio,-0.06647903221497604,0.023596801429769703,-0.11278435339505949,-0.020173711034892593,-0.05343704488580892,-0.013041987329167122,0.09261064236016689,1
MCAR,0.3,3,knn,sexFemale,-0.0969273466224132,0.06974038200962526,-0.23378279280603306,0.03992809956120666,-0.09307566573776974,-0.003851680884643466,0.2737108923672397,1
MCAR,0.3,3,knn,smoking_statusYes,-0.11884471957482341,0.07261565667001899,-0.2613424777907222,0.02365303864107539,-0.022120133000263893,-0.09672458657455951,0.2849955164317976,1
MCAR,0.3,3,knn,systolic_bp,0.0061527330330715686,0.0021506729114022446,0.0019323474773349138,0.010373118588808223,0.0020175183065907756,0.004135214726480793,0.00844077111147331,1
MCAR,0.3,4,knn,(Intercept),4.254519944811871,0.30772597090340337,3.6506520875285466,4.858387802095194,4.0349672958498015,0.21955264896206916,1.2077357145666476,1
MCAR,0.3,4,knn,age,0.011697504240034007,0.0025321137663076683,0.006728595993619541,0.016666412486448474,0.01753512986073419,-0.005837625620700181,0.009937816492828933,0
MCAR,0.3,4,knn,bmi,0.022407151291923718,0.005478418731480147,0.011656544279562663,0.03315775830428477,0.02897241650381511,-0.0065652652118913905,0.02150121402472211,1
MCAR,0.3,4,knn,income_ratio,-0.07334218176462926,0.024585808197959438,-0.12158828615580188,-0.025096077373456635,-0.05343704488580892,-0.019905136878820333,0.09649220878234524,1
MCAR,0.3,4,knn,sexFemale,-0.0907301085168102,0.0764002792487565,-0.24065464296657363,0.059194425932953224,-0.09307566573776974,0.0023455572209595404,0.29984906889952684,1
MCAR,0.3,4,knn,smoking_statusYes,0.03888835869819045,0.07657164865304857,-0.11137246350352957,0.18914918089991045,-0.022120133000263893,0.06100849169845434,0.30052164440344004,1
MCAR,0.3,4,knn,systolic_bp,0.004309594165190439,0.002376754016749907,-3.5444296879208817e-4,0.008973631299172967,0.0020175183065907756,0.0022920758585996638,0.009328074267965055,1
MCAR,0.3,5,knn,(Intercept),4.458842485898029,0.3015659621343771,3.867062757820303,5.050622213975755,4.0349672958498015,0.4238751900482276,1.1835594561554519,1
MCAR,0.3,5,knn,age,0.017134808087785718,0.0023790873426991674,0.01246619213799123,0.021803424037580205,0.01753512986073419,-4.003217729484712e-4,0.009337231899588974,1
MCAR,0.3,5,knn,bmi,0.019736746956136943,0.005369952069101732,0.009198990132548832,0.030274503779725057,0.02897241650381511,-0.009235669547678165,0.021075513647176226,1
MCAR,0.3,5,knn,income_ratio,-0.08401945814998509,0.023481522358723188,-0.13009856077133555,-0.03794035552863461,-0.05343704488580892,-0.030582413264176163,0.09215820524270094,1
MCAR,0.3,5,knn,sexFemale,-0.15543321896504794,0.07876171278453693,-0.309991726313434,-8.747116166618607e-4,-0.09307566573776974,-0.062357553227278206,0.30911701469677216,1
MCAR,0.3,5,knn,smoking_statusYes,-0.1441708357573811,0.08056670128487056,-0.30227137283734173,0.013929701322579535,-0.022120133000263893,-0.12205070275711721,0.31620107415992127,1
MCAR,0.3,5,knn,systolic_bp,0.0022150445509126824,0.0021349173472413408,-0.001974422981420866,0.0064045120832462304,0.0020175183065907756,1.9752624432190684e-4,0.008378935064667097,1
MCAR,0.3,6,knn,(Intercept),3.5799723319942687,0.28119896269114414,3.0281599042941125,4.131784759694424,4.0349672958498015,-0.45499496385553284,1.1036248554003119,1
MCAR,0.3,6,knn,age,0.012092763396763304,0.0023734255304421765,0.007435257937337673,0.016750268856188934,0.01753512986073419,-0.005442366463970885,0.009315010918851261,0
MCAR,0.3,6,knn,bmi,0.02690379580705183,0.0050408460963154355,0.017011862012381838,0.036795729601721824,0.02897241650381511,-0.002068620696763279,0.019783867589339987,1
MCAR,0.3,6,knn,income_ratio,-0.0630581040737032,0.0240960693559158,-0.11034316658626839,-0.01577304156113802,-0.05343704488580892,-0.009621059187894278,0.09457012502513037,1
MCAR,0.3,6,knn,sexFemale,-0.03342252127083405,0.07220776671826246,-0.17511985425628673,0.10827481171461861,-0.09307566573776974,0.05965314446693568,0.28339466597090535,1
MCAR,0.3,6,knn,smoking_statusYes,-0.019068050790456863,0.0749662790260818,-0.16617856652328136,0.12804246494236762,-0.022120133000263893,0.0030520822098070305,0.294221031465649,1
MCAR,0.3,6,knn,systolic_bp,0.008098666148419907,0.002099322565094093,0.003979048244840873,0.012218284051998943,0.0020175183065907756,0.006081147841829132,0.00823923580715807,0
MCAR,0.3,7,knn,(Intercept),3.763914108830835,0.3000327588407953,3.1751430711959627,4.352685146465707,4.0349672958498015,-0.2710531870189663,1.1775420752697445,1
MCAR,0.3,7,knn,age,0.01330945385656889,0.002466835790258383,0.008468644227924477,0.0181502634852133,0.01753512986073419,-0.0042256760041652994,0.009681619257288823,1
MCAR,0.3,7,knn,bmi,0.022906587453702568,0.005171166116367553,0.012758919406122556,0.033054255501282576,0.02897241650381511,-0.006065829050112541,0.02029533609516002,1
MCAR,0.3,7,knn,income_ratio,-0.018708122381623924,0.024773621372363747,-0.06732278305312658,0.02990653828987874,-0.05343704488580892,0.034728922504184995,0.09722932134300533,1
MCAR,0.3,7,knn,sexFemale,-0.02791536930355047,0.07025741299329052,-0.16578541425937807,0.10995467565227714,-0.09307566573776974,0.06516029643421926,0.2757400899116552,1
MCAR,0.3,7,knn,smoking_statusYes,-0.03799830263207261,0.073026844380342,-0.18130295745421182,0.10530635219006662,-0.022120133000263893,-0.015878169631808714,0.28660930964427844,1
MCAR,0.3,7,knn,systolic_bp,0.006423257095518879,0.0022391751291556596,0.0020291986955868506,0.010817315495450907,0.0020175183065907756,0.004405738788928104,0.008788116799864056,0
MCAR,0.3,8,knn,(Intercept),4.15912628019724,0.28639863989402975,3.597110235552263,4.7211423248422175,4.0349672958498015,0.12415898434743866,1.1240320892899547,1
MCAR,0.3,8,knn,age,0.015371057860555006,0.0023967540214382826,0.010667773600496738,0.020074342120613275,0.01753512986073419,-0.0021640720001791826,0.009406568520116537,1
MCAR,0.3,8,knn,bmi,0.02288023123297697,0.005216181745573349,0.012644226502363798,0.03311623596359014,0.02897241650381511,-0.00609218527083814,0.02047200946122634,1
MCAR,0.3,8,knn,income_ratio,-0.056089168320289894,0.023074057824092314,-0.10136868053097682,-0.010809656109602966,-0.05343704488580892,-0.0026521234344809713,0.09055902442137385,1
MCAR,0.3,8,knn,sexFemale,-0.12013033812327914,0.07126625586043285,-0.25998009177489323,0.01971941552833495,-0.09307566573776974,-0.027054672385509404,0.2796995073032282,1
MCAR,0.3,8,knn,smoking_statusYes,0.006958474649856666,0.07325951572074674,-0.13680276413680453,0.15071971343651785,-0.022120133000263893,0.02907860765012056,0.2875224775733224,1
MCAR,0.3,8,knn,systolic_bp,0.003416530943632698,0.0021214060476917877,-7.464226110728053e-4,0.0075794844983382015,0.0020175183065907756,0.0013990126370419225,0.008325907109411007,1
MAR,0.1,1,mean_mode,(Intercept),4.005856500054719,0.2705527149609373,3.4749357988022003,4.536777201307238,4.0349672958498015,-0.029110795795082467,1.061841402505038,1
MAR,0.1,1,mean_mode,age,0.015152910033328642,0.002297319106866634,0.010644752458955218,0.019661067607702067,0.01753512986073419,-0.0023822198274055465,0.009016315148746849,1
MAR,0.1,1,mean_mode,bmi,0.027660341191588132,0.005067351112727338,0.017716395123072916,0.03760428726010335,0.02897241650381511,-0.0013120753122269763,0.019887892137030433,1
MAR,0.1,1,mean_mode,income_ratio,-0.06768739340370063,0.022840707844305506,-0.11250898991790836,-0.022865796889492883,-0.05343704488580892,-0.014250348517891705,0.08964319302841547,1
MAR,0.1,1,mean_mode,sexFemale,-0.0713011667086461,0.06829962818610959,-0.20532934120725022,0.06272700778995803,-0.09307566573776974,0.021774499029123637,0.26805634899720826,1
MAR,0.1,1,mean_mode,smoking_statusYes,-0.021908332126174535,0.07048863198632523,-0.16023211102417534,0.11641544677182626,-0.022120133000263893,2.1180087408935802e-4,0.2766475577960016,1
MAR,0.1,1,mean_mode,systolic_bp,0.0038291888986718126,0.0020050390131748034,-1.0541112582663397e-4,0.00776378892317026,0.0020175183065907756,0.001811670592081037,0.007869200048996893,1
MAR,0.1,2,mean_mode,(Intercept),3.8812638736896767,0.2692587995489237,3.352882294907272,4.409645452472081,4.0349672958498015,-0.15370342216012478,1.0567631575648093,1
MAR,0.1,2,mean_mode,age,0.016752530754888452,0.002228621849395761,0.012379181645164243,0.02112587986461266,0.01753512986073419,-7.825991058457368e-4,0.008746698219448417,1
MAR,0.1,2,mean_mode,bmi,0.03208686942731723,0.005081061651162319,0.02211601840358284,0.04205772045105162,0.02897241650381511,0.0031144529235021187,0.01994170204746878,1
MAR,0.1,2,mean_mode,income_ratio,-0.056970018095209435,0.022546545724046525,-0.10121436385371002,-0.012725672336708856,-0.05343704488580892,-0.0035329732094005126,0.08848869151700117,1
MAR,0.1,2,mean_mode,sexFemale,-0.09844464654506287,0.0676374632678416,-0.23117341784676165,0.034284124756635934,-0.09307566573776974,-0.0053689808072931305,0.2654575426033976,1
MAR,0.1,2,mean_mode,smoking_statusYes,-0.07142366898790477,0.0694456306934657,-0.20770070820379882,0.06485337022798927,-0.022120133000263893,-0.049303535987640874,0.2725540784317881,1
MAR,0.1,2,mean_mode,systolic_bp,0.003221512145662647,0.0019646770752531893,-6.33883394089276e-4,0.00707690768541457,0.0020175183065907756,0.0012039938390718714,0.007710791079503846,1
MAR,0.1,3,mean_mode,(Intercept),4.018423092642144,0.26919574498474974,3.4901652493522226,4.5466809359320655,4.0349672958498015,-0.016544203207657482,1.0565156865798428,1
MAR,0.1,3,mean_mode,age,0.014748491695981674,0.0022522854889057745,0.010328706104980028,0.01916827728698332,0.01753512986073419,-0.0027866381647525147,0.008839571182003292,1
MAR,0.1,3,mean_mode,bmi,0.02547027907934783,0.0050523344318245495,0.01555580108235629,0.03538475707633937,0.02897241650381511,-0.0035021374244672797,0.01982895599398308,1
MAR,0.1,3,mean_mode,income_ratio,-0.0706564203248799,0.022985951376311115,-0.11576303633288923,-0.025549804316870567,-0.05343704488580892,-0.017219375439070976,0.09021323201601866,1
MAR,0.1,3,mean_mode,sexFemale,-0.12176056588764653,0.0682685310443192,-0.2557277167283336,0.012206584953040556,-0.09307566573776974,-0.02868490014987679,0.26793430168137417,1
MAR,0.1,3,mean_mode,smoking_statusYes,-0.03681786117611276,0.07042771674542381,-0.17502210269515572,0.10138638034293022,-0.022120133000263893,-0.014697728175848863,0.27640848303808596,1
MAR,0.1,3,mean_mode,systolic_bp,0.004685695674032234,0.001997295693733416,7.662907976898033e-4,0.008605100550374663,0.0020175183065907756,0.002668177367441458,0.007838809752684861,1
MAR,0.1,4,mean_mode,(Intercept),3.9038546950141897,0.2695742296474349,3.3748541301346693,4.43285525989371,4.0349672958498015,-0.13111260083561183,1.0580011297590408,1
MAR,0.1,4,mean_mode,age,0.015008571276339549,0.0022773484343171038,0.01053960326794779,0.019477539284731307,0.01753512986073419,-0.0025265585843946402,0.008937936016783516,1
MAR,0.1,4,mean_mode,bmi,0.02529954123210551,0.0048790269105506235,0.015725154262255847,0.03487392820195517,0.02897241650381511,-0.0036728752717095983,0.019148773939699326,1
MAR,0.1,4,mean_mode,income_ratio,-0.05702333056886264,0.02276896865629676,-0.10170414926825382,-0.012342511869471468,-0.05343704488580892,-0.0035862856830537193,0.08936163739878235,1
MAR,0.1,4,mean_mode,sexFemale,-0.0918511881362112,0.06821950081076518,-0.22572212421156196,0.042019747939139554,-0.09307566573776974,0.0012244776015585407,0.2677418721507015,1
MAR,0.1,4,mean_mode,smoking_statusYes,-0.0952345607726433,0.07025232768086652,-0.23309462653591825,0.04262550499063164,-0.022120133000263893,-0.07311442777237942,0.2757201315265499,1
MAR,0.1,4,mean_mode,systolic_bp,0.005241060439363641,0.0020420789282027587,0.001233774921157194,0.009248345957570087,0.0020175183065907756,0.003223542132772865,0.008014571036412893,1
MAR,0.1,5,mean_mode,(Intercept),4.26037845759082,0.2766220602259287,3.7175475411896626,4.803209373991977,4.0349672958498015,0.22541116174101816,1.0856618328023142,1
MAR,0.1,5,mean_mode,age,0.015165822164074671,0.002233467015828033,0.010782965113688037,0.019548679214461306,0.01753512986073419,-0.0023693076966595176,0.008765714100773269,1
MAR,0.1,5,mean_mode,bmi,0.022794175889349844,0.00512308025309356,0.012740869416568473,0.03284748236213121,0.02897241650381511,-0.006178240614465265,0.02010661294556274,1
MAR,0.1,5,mean_mode,income_ratio,-0.07003269910912416,0.02304453838093539,-0.11525428366802715,-0.024811114550221176,-0.05343704488580892,-0.016595654223315236,0.09044316911780598,1
MAR,0.1,5,mean_mode,sexFemale,-0.10731431490949887,0.06812592509732958,-0.24100162213675397,0.026372992317756208,-0.09307566573776974,-0.014238649171729137,0.26737461445451016,1
MAR,0.1,5,mean_mode,smoking_statusYes,-0.1251257172451772,0.07043367898142024,-0.26334165879286975,0.01309022430251533,-0.022120133000263893,-0.10300558424491332,0.2764318830953851,1
MAR,0.1,5,mean_mode,systolic_bp,0.003395058812208947,0.0020165681745894248,-5.621655295652951e-4,0.007352283153983189,0.0020175183065907756,0.0013775405056181715,0.007914448683548484,1
MAR,0.1,6,mean_mode,(Intercept),4.020038922643951,0.2794163710847464,3.4717245739996723,4.56835327128823,4.0349672958498015,-0.014928373205850498,1.096628697288558,1
MAR,0.1,6,mean_mode,age,0.016816606169170977,0.002228104020958761,0.012444273223106187,0.02118893911523577,0.01753512986073419,-7.185236915632116e-4,0.008744665892129582,1
MAR,0.1,6,mean_mode,bmi,0.024797687652611193,0.005100385647016524,0.01478891607268724,0.03480645923253514,0.02897241650381511,-0.0041747288512039155,0.0200175431598479,1
MAR,0.1,6,mean_mode,income_ratio,-0.07087232029819507,0.022811430817344335,-0.11563646486745723,-0.02610817572893291,-0.05343704488580892,-0.017435275412386146,0.08952828913852431,1
MAR,0.1,6,mean_mode,sexFemale,-0.10015811767731977,0.06788319459994377,-0.23336910129456764,0.033052865939928094,-0.09307566573776974,-0.0070824519395500385,0.26642196723449574,1
MAR,0.1,6,mean_mode,smoking_statusYes,-0.05742296171236563,0.07014729194096299,-0.19507690997763574,0.08023098655290448,-0.022120133000263893,-0.03530282871210174,0.2753078965305402,1
MAR,0.1,6,mean_mode,systolic_bp,0.0039885100933926415,0.002006071039935166,5.1884865150066475e-5,0.007925135321635217,0.0020175183065907756,0.001970991786801866,0.00787325045648515,1
MAR,0.1,7,mean_mode,(Intercept),3.9433545383766155,0.2678526039864433,3.417732415673733,4.468976661079497,4.0349672958498015,-0.09161275747318598,1.0512442454057642,1
MAR,0.1,7,mean_mode,age,0.016371766703276565,0.0022166959371895476,0.012021820477062555,0.020721712929490575,0.01753512986073419,-0.001163363157457624,0.00869989245242802,1
MAR,0.1,7,mean_mode,bmi,0.02913738094203761,0.004947753671342251,0.019428127611524838,0.038846634272550376,0.02897241650381511,1.6496443822250004e-4,0.01941850666102554,1
MAR,0.1,7,mean_mode,income_ratio,-0.07448156793256588,0.0224732103858394,-0.11858200366158056,-0.030381132203551202,-0.05343704488580892,-0.021044523046756962,0.08820087145802935,1
MAR,0.1,7,mean_mode,sexFemale,-0.07305859453256804,0.06773621740268664,-0.20598115658787686,0.05986396752274077,-0.09307566573776974,0.0200170712052017,0.2658451241106176,1
MAR,0.1,7,mean_mode,smoking_statusYes,-0.10734609567572183,0.06990311177245445,-0.2445208755603855,0.029828684208941844,-0.022120133000263893,-0.08522596267545793,0.27434955976932734,1
MAR,0.1,7,mean_mode,systolic_bp,0.003802144509390776,0.0019336124775603107,7.708764455962008e-6,0.0075965802543255904,0.0020175183065907756,0.0017846262028000004,0.007588871489869628,1
MAR,0.1,8,mean_mode,(Intercept),3.949522070719666,0.26659154173622235,3.4263746008928675,4.472669540546464,4.0349672958498015,-0.08544522513013542,1.0462949396535968,1
MAR,0.1,8,mean_mode,age,0.015812842599980458,0.0021801640030758053,0.011534585028158916,0.020091100171802,0.01753512986073419,-0.0017222872607537305,0.008556515143643084,1
MAR,0.1,8,mean_mode,bmi,0.034698609327612484,0.005067777203429785,0.024753827117517342,0.044643391537707626,0.02897241650381511,0.0057261928237973755,0.019889564420190284,1
MAR,0.1,8,mean_mode,income_ratio,-0.07878120308323484,0.022584598631531918,-0.12310022218711197,-0.034462183979357706,-0.05343704488580892,-0.02534415819742592,0.08863803820775426,1
MAR,0.1,8,mean_mode,sexFemale,-0.14020499866289252,0.06719778495094338,-0.2720709646500453,-0.008339032675739683,-0.09307566573776974,-0.04712933292512278,0.26373193197430567,1
MAR,0.1,8,mean_mode,smoking_statusYes,-0.05524965124124119,0.06918380766548153,-0.1910129005081359,0.08051359802565351,-0.022120133000263893,-0.0331295182409773,0.2715264985337894,1
MAR,0.1,8,mean_mode,systolic_bp,0.0029593789285527255,0.001957243429058197,-8.814291521479067e-4,0.006800187009253358,0.0020175183065907756,9.418606219619499e-4,0.007681616161401264,1
MAR,0.2,1,mean_mode,(Intercept),3.8559676932250144,0.2959498279394193,3.275208818904183,4.436726567545846,4.0349672958498015,-0.1789996026247871,1.1615177486416632,1
MAR,0.2,1,mean_mode,age,0.015651459931276968,0.0023472195919848043,0.011045379848324745,0.02025754001422919,0.01753512986073419,-0.0018836699294572205,0.009212160165904447,1
MAR,0.2,1,mean_mode,bmi,0.03144724177013167,0.0054300873211865965,0.020791478183198,0.042103005357065335,0.02897241650381511,0.002474825266316559,0.021311527173867334,1
MAR,0.2,1,mean_mode,income_ratio,-0.05812083041140919,0.024444855233831782,-0.10609033492972864,-0.01015132589308975,-0.05343704488580892,-0.0046837855256002675,0.09593900903663888,1
MAR,0.2,1,mean_mode,sexFemale,-0.10752097075190165,0.06876760747697139,-0.24246748714669364,0.027425545642890348,-0.09307566573776974,-0.01444530501413191,0.269893032789584,1
MAR,0.2,1,mean_mode,smoking_statusYes,-0.01642258888713786,0.0732381277562373,-0.1601418568766575,0.1272966791023818,-0.022120133000263893,0.005697544113126032,0.2874385359790393,1
MAR,0.2,1,mean_mode,systolic_bp,0.004056903174476229,0.0021259894298468404,-1.1504460698548956e-4,0.008228850955937948,0.0020175183065907756,0.0020393848678854536,0.008343895562923438,1
MAR,0.2,2,mean_mode,(Intercept),3.8425612230183757,0.2972546865961873,3.259241751687136,4.425880694349615,4.0349672958498015,-0.19240607283142586,1.1666389426624795,1
MAR,0.2,2,mean_mode,age,0.016584384927911654,0.0023500442193714445,0.011972761920900772,0.021196007934922538,0.01753512986073419,-9.507449328225344e-4,0.009223246014021766,1
MAR,0.2,2,mean_mode,bmi,0.031531570560588786,0.005532470825165396,0.02067489410631626,0.04238824701486131,0.02897241650381511,0.002559154056773677,0.02171335290854505,1
MAR,0.2,2,mean_mode,income_ratio,-0.0643799439813713,0.024522413809379192,-0.112501646023651,-0.016258241939091603,-0.05343704488580892,-0.010942899095562376,0.09624340408455939,1
MAR,0.2,2,mean_mode,sexFemale,-0.07361545732794045,0.0691104500562546,-0.20923475286168342,0.06200383820580252,-0.09307566573776974,0.019460208409829288,0.27123859106748593,1
MAR,0.2,2,mean_mode,smoking_statusYes,-0.009488221952473692,0.07161763456408776,-0.1500275056565827,0.1310510617516353,-0.022120133000263893,0.012631911047790201,0.281078567408218,1
MAR,0.2,2,mean_mode,systolic_bp,0.0037129449360313056,0.0021702208827442445,-5.458006955022495e-4,0.00797169056756486,0.0020175183065907756,0.00169542662944053,0.008517491263067108,1
MAR,0.2,3,mean_mode,(Intercept),4.118481437353572,0.29018972271233406,3.5490259391858645,4.68793693552128,4.0349672958498015,0.08351414150377057,1.1389109963354151,1
MAR,0.2,3,mean_mode,age,0.01749248660100625,0.0023803214261102247,0.012821448940418369,0.022163524261594132,0.01753512986073419,-4.2643259727939004e-5,0.009342075321175763,1
MAR,0.2,3,mean_mode,bmi,0.03345755929343399,0.005318565679163242,0.023020640852432127,0.043894477734435854,0.02897241650381511,0.004485142789618882,0.020873836882003727,1
MAR,0.2,3,mean_mode,income_ratio,-0.08095033433594469,0.023516031102476413,-0.1270971553922606,-0.034803513279628766,-0.05343704488580892,-0.027513289450135765,0.09229364211263183,1
MAR,0.2,3,mean_mode,sexFemale,-0.179969974554732,0.06844921416918354,-0.31429168998136797,-0.045648259128096,-0.09307566573776974,-0.08689430881696225,0.26864343085327197,1
MAR,0.2,3,mean_mode,smoking_statusYes,-0.03384325396020645,0.07188014292165144,-0.1748976724738201,0.10721116455340718,-0.022120133000263893,-0.01172312095994256,0.2821088370272273,1
MAR,0.2,3,mean_mode,systolic_bp,0.00157354076608773,0.0021546370984188443,-0.0026546239352067628,0.005801705467382222,0.0020175183065907756,-4.4397754050304566e-4,0.008456329402588985,1
MAR,0.2,4,mean_mode,(Intercept),3.8377554703461465,0.28647022493288404,3.275598950381847,4.399911990310446,4.0349672958498015,-0.19721182550365501,1.1243130399285994,1
MAR,0.2,4,mean_mode,age,0.016277101101347932,0.0023616197496162897,0.011642762784916296,0.02091143941777957,0.01753512986073419,-0.0012580287593862566,0.009268676632863272,1
MAR,0.2,4,mean_mode,bmi,0.022426059119152512,0.005517746280999662,0.011598277460170524,0.0332538407781345,0.02897241650381511,-0.006546357384662596,0.021655563317963977,1
MAR,0.2,4,mean_mode,income_ratio,-0.06563779678221103,0.024446809768877677,-0.11361113679379965,-0.017664456770622408,-0.05343704488580892,-0.012200751896402108,0.09594668002317724,1
MAR,0.2,4,mean_mode,sexFemale,-0.017417072802233535,0.06874068078397658,-0.15231074944367365,0.11747660383920658,-0.09307566573776974,0.0756585929355362,0.2697873532828802,1
MAR,0.2,4,mean_mode,smoking_statusYes,-0.0678116207642258,0.07207241285295682,-0.20924334130111855,0.07362009977266697,-0.022120133000263893,-0.045691487763961904,0.2828634410737855,1
MAR,0.2,4,mean_mode,systolic_bp,0.005911807185574837,0.0021121263756979833,0.0017670636494346824,0.01005655072171499,0.0020175183065907756,0.003894288878984061,0.008289487072280308,1
MAR,0.2,5,mean_mode,(Intercept),3.78950780281451,0.2880346423925239,3.224281339106184,4.354734266522836,4.0349672958498015,-0.24545949303529158,1.1304529274166524,1
MAR,0.2,5,mean_mode,age,0.015348083930099461,0.0023107460711582948,0.01081357787388415,0.019882589986314772,0.01753512986073419,-0.0021870459306347276,0.009069012112430622,1
MAR,0.2,5,mean_mode,bmi,0.032192508419526415,0.005210443654575363,0.02196776386531525,0.04241725297373758,0.02897241650381511,0.0032200919157113067,0.020449489108422328,1
MAR,0.2,5,mean_mode,income_ratio,-0.08006463801094006,0.0238658983074781,-0.1268980230215359,-0.0332312530003442,-0.05343704488580892,-0.02662759312513114,0.09366677002119171,1
MAR,0.2,5,mean_mode,sexFemale,-0.06028772124287382,0.069334821385213935,-0.19634731316517548,0.07577187067942784,-0.09307566573776974,0.032787944494895915,0.2721191838446033,1
MAR,0.2,5,mean_mode,smoking_statusYes,-0.042829370069487296,0.07224818146117495,-0.18460601116186892,0.09894727102289434,-0.022120133000263893,-0.020709237069223403,0.2835532821847633,1
MAR,0.2,5,mean_mode,systolic_bp,0.004811410976610904,0.0020707109460071913,7.47939250946887e-4,0.00887488270227492,0.0020175183065907756,0.002793892670020128,0.008126943451328032,1
MAR,0.2,6,mean_mode,(Intercept),3.822893880778594,0.2819022577620937,3.2697013378860627,4.376086423671126,4.0349672958498015,-0.21207341507120736,1.106385085785063,1
MAR,0.2,6,mean_mode,age,0.015678573138577828,0.0023470631098831186,0.011072800129192293,0.020284346147963362,0.01753512986073419,-0.0018565567221563613,0.009211546018771069,1
MAR,0.2,6,mean_mode,bmi,0.02219515408773627,0.005359780386868355,0.01167735772421984,0.032712950451252706,0.02897241650381511,-0.006777262416078837,0.021035592727032867,1
MAR,0.2,6,mean_mode,income_ratio,-0.07107487291006613,0.02368833007942471,-0.11755980587067283,-0.024589939949459433,-0.05343704488580892,-0.01763782802425721,0.0929698659212134,1
MAR,0.2,6,mean_mode,sexFemale,-0.0676179820813562,0.06848891720418969,-0.20201760899075205,0.06678164482803962,-0.09307566573776974,0.02545768365641353,0.26879925381879166,1
MAR,0.2,6,mean_mode,smoking_statusYes,-0.08522416492024867,0.0728472531245362,-0.22817639779206664,0.05772806795156929,-0.022120133000263893,-0.06310403191998479,0.2859044657436359,1
MAR,0.2,6,mean_mode,systolic_bp,0.0066581365346240805,0.002021964472525839,0.0026903227360595703,0.01062595033318859,0.0020175183065907756,0.004640618228033305,0.00793562759712902,0
MAR,0.2,7,mean_mode,(Intercept),4.040601059373723,0.2989617586446557,3.4539317052324288,4.627270413515018,4.0349672958498015,0.005633763523921864,1.1733387082825892,1
MAR,0.2,7,mean_mode,age,0.015795133894822275,0.0024019608643544932,0.011081631956139766,0.020508635833504783,0.01753512986073419,-0.001739995965911914,0.009427003877365017,1
MAR,0.2,7,mean_mode,bmi,0.021997247489980522,0.005522274874383054,0.011160579119308562,0.032833915860652485,0.02897241650381511,-0.006975169013834586,0.021673336741343925,1
MAR,0.2,7,mean_mode,income_ratio,-0.07172528279879135,0.024103469128954048,-0.11902486629922074,-0.024425699298361976,-0.05343704488580892,-0.01828823791298243,0.09459916700085877,1
MAR,0.2,7,mean_mode,sexFemale,-0.10128254407947371,0.06952841613292372,-0.2377220377862676,0.03515694962732019,-0.09307566573776974,-0.008206878341703971,0.2728789874135878,1
MAR,0.2,7,mean_mode,smoking_statusYes,-0.07965230789008501,0.07243099136026,-0.22178768705623592,0.062483071276065894,-0.022120133000263893,-0.05753217488982112,0.2842707583323018,1
MAR,0.2,7,mean_mode,systolic_bp,0.005088472934277113,0.0022040158636435843,7.634095244855076e-4,0.009413536344068718,0.0020175183065907756,0.0030709546276863377,0.008650126819583211,1
MAR,0.2,8,mean_mode,(Intercept),3.836331854869505,0.28164073603006795,3.283652510676088,4.389011199062922,4.0349672958498015,-0.19863544098029662,1.1053586883868336,1
MAR,0.2,8,mean_mode,age,0.015507812588491935,0.002368057618967271,0.010860840881517947,0.020154784295465925,0.01753512986073419,-0.0020273172722422537,0.009293943413947977,1
MAR,0.2,8,mean_mode,bmi,0.025565453911619213,0.0053072308491263044,0.015150778440578515,0.03598012938265991,0.02897241650381511,-0.003406962592195896,0.020829350942081395,1
MAR,0.2,8,mean_mode,income_ratio,-0.0699543427966436,0.02396259569470321,-0.11697748249013834,-0.022931203103148855,-0.05343704488580892,-0.01651729791083468,0.09404627938698948,1
MAR,0.2,8,mean_mode,sexFemale,-0.07425286730184052,0.06892952153383398,-0.20951711669230602,0.06101138208862497,-0.09307566573776974,0.01882279843592921,0.270528498780931,1
MAR,0.2,8,mean_mode,smoking_statusYes,0.0666376597193563,0.07193787253550817,-0.07453004483936791,0.2078053642780805,-0.022120133000263893,0.0887577927196202,0.2823354091174484,1
MAR,0.2,8,mean_mode,systolic_bp,0.005344661793820292,0.00200961424599777,0.0014010835344550705,0.009288240053185515,0.0020175183065907756,0.0033271434872295166,0.007887156518730443,1
MAR,0.3,1,mean_mode,(Intercept),3.787408800564278,0.3137543181165298,3.171711180898977,4.403106420229579,4.0349672958498015,-0.24755849528552343,1.2313952393306025,1
MAR,0.3,1,mean_mode,age,0.017746708851274204,0.0024749407020472625,0.01288999450161761,0.022603423200930797,0.01753512986073419,0.00021157899054001506,0.009713428699313187,1
MAR,0.3,1,mean_mode,bmi,0.024638681138799707,0.005828492637671554,0.013201104550871149,0.03607625772672826,0.02897241650381511,-0.004333735365015402,0.022875153175857112,1
MAR,0.3,1,mean_mode,income_ratio,-0.06418401790464164,0.02585899852865775,-0.11492857478149665,-0.013439461027786613,-0.05343704488580892,-0.010746973018832713,0.10148911375371003,1
MAR,0.3,1,mean_mode,sexFemale,-0.08470974522537701,0.07062262815870073,-0.2232964722952822,0.0538769818445282,-0.09307566573776974,0.008365920512392724,0.2771734541398104,1
MAR,0.3,1,mean_mode,smoking_statusYes,-0.061095190540306106,0.0756844662819957,-0.20961504523169724,0.08742466415108505,-0.022120133000263893,-0.03897505754004221,0.2970397093827823,1
MAR,0.3,1,mean_mode,systolic_bp,0.005634201875583434,0.00221613510324397,0.0012853562051399143,0.009983047546026955,0.0020175183065907756,0.0036166835689926584,0.008697691340887041,1
MAR,0.3,2,mean_mode,(Intercept),3.8057864794082343,0.30913880324783827,3.199146142317536,4.412426816498933,4.0349672958498015,-0.22918081644156718,1.2132806741813975,1
MAR,0.3,2,mean_mode,age,0.017167647925560487,0.00245282415440172,0.012354334112420233,0.02198096173870074,0.01753512986073419,-3.6748193517370173e-4,0.009626627626280507,1
MAR,0.3,2,mean_mode,bmi,0.03524242941324636,0.005998459434986406,0.02347131748735945,0.04701354133913327,0.02897241650381511,0.006270012909431251,0.02354222385177382,1
MAR,0.3,2,mean_mode,income_ratio,-0.09567959364553977,0.025382606311551745,-0.14548929947122835,-0.04586988781985118,-0.05343704488580892,-0.042242548759730845,0.09961941165137717,1
MAR,0.3,2,mean_mode,sexFemale,-0.0446891260333348,0.07234764341399937,-0.18666094687007456,0.09728269480340496,-0.09307566573776974,0.04838653970443493,0.2839436416734795,1
MAR,0.3,2,mean_mode,smoking_statusYes,-0.11577876899975295,0.07307189503982049,-0.2591718292467856,0.027614291247279737,-0.022120133000263893,-0.09365863599948906,0.2867861204940654,1
MAR,0.3,2,mean_mode,systolic_bp,0.003782138759016825,0.0021467033609855464,-4.304571262624653e-4,0.007994734644296116,0.0020175183065907756,0.0017646204524260495,0.00842519177055858,1
MAR,0.3,3,mean_mode,(Intercept),3.607141572836417,0.30891668802324707,3.000937104854686,4.2133460408181485,4.0349672958498015,-0.4278257230133846,1.2124089359634627,1
MAR,0.3,3,mean_mode,age,0.01563692301813066,0.0024721302058250696,0.010785723862159594,0.020488122174101727,0.01753512986073419,-0.0018982068426035281,0.009702398311942133,1
MAR,0.3,3,mean_mode,bmi,0.02950875801416464,0.005650780391157197,0.018419916091693737,0.040597599936635545,0.02897241650381511,5.363415103495327e-4,0.022177683844941808,1
MAR,0.3,3,mean_mode,income_ratio,-0.0648004332981665,0.026020416368038733,-0.11586174941542016,-0.013739117180912835,-0.05343704488580892,-0.011363388412357574,0.10212263223450732,1
MAR,0.3,3,mean_mode,sexFemale,0.007155535475908479,0.07132897386359931,-0.13281729321572913,0.14712836416754607,-0.09307566573776974,0.10023120121367822,0.2799456573832752,1
MAR,0.3,3,mean_mode,smoking_statusYes,-0.10521624261256657,0.07514435618558396,-0.2526762090999828,0.042243723874849676,-0.022120133000263893,-0.08309610961230268,0.29491993297483243,1
MAR,0.3,3,mean_mode,systolic_bp,0.006392207696098864,0.002175068842647546,0.0021239486421186834,0.010660466750079044,0.0020175183065907756,0.004374689389508088,0.008536518107960361,0
MAR,0.3,4,mean_mode,(Intercept),3.7934527317541504,0.31103448263787675,3.1830923971344878,4.4038130663738135,4.0349672958498015,-0.24151456409565109,1.2207206692393258,1
MAR,0.3,4,mean_mode,age,0.01659538258589938,0.0024705334730689313,0.011747316787783266,0.021443448384015493,0.01753512986073419,-9.397472748348089e-4,0.009696131596232227,1
MAR,0.3,4,mean_mode,bmi,0.030429537524660995,0.0060435768880262065,0.018569889101145234,0.04228918594817675,0.02897241650381511,0.0014571210208458862,0.02371929684703152,1
MAR,0.3,4,mean_mode,income_ratio,-0.060775667853342666,0.025472276119223685,-0.11076133775012638,-0.010789997956558953,-0.05343704488580892,-0.007338622967533744,0.09997133979356743,1
MAR,0.3,4,mean_mode,sexFemale,-0.09965123644785889,0.07123805341131251,-0.23944564685863293,0.04014317396291514,-0.09307566573776974,-0.006575570710089157,0.27958882082154807,1
MAR,0.3,4,mean_mode,smoking_statusYes,-0.0523650457494131,0.07474252519800288,-0.19903647685014014,0.09430638535131393,-0.022120133000263893,-0.030244912749149207,0.29334286220145406,1
MAR,0.3,4,mean_mode,systolic_bp,0.004683954809725277,0.002171671434064527,4.22362680331672e-4,0.008945546939118882,0.0020175183065907756,0.0026664365031345014,0.00852318425878721,1
MAR,0.3,5,mean_mode,(Intercept),3.7121383274546003,0.3219578588129021,3.080342441764135,4.343934213145066,4.0349672958498015,-0.32282896839520125,1.263591771380931,1
MAR,0.3,5,mean_mode,age,0.01637618190922432,0.002475673466639677,0.011518029614687696,0.021234334203760946,0.01753512986073419,-0.0011589479515098679,0.00971630458907325,1
MAR,0.3,5,mean_mode,bmi,0.030493069719186916,0.005885867272299175,0.018942903681712447,0.042043235756661385,0.02897241650381511,0.0015206532153718075,0.023100332074948937,1
MAR,0.3,5,mean_mode,income_ratio,-0.05830799010733381,0.026055448191363823,-0.10943805112780752,-0.007177929086860102,-0.05343704488580892,-0.00487094522152489,0.10226012204094742,1
MAR,0.3,5,mean_mode,sexFemale,-0.10060534974959835,0.07267988819744402,-0.2432291530786942,0.0420184535794975,-0.09307566573776974,-0.007529684011828616,0.2852476066581917,1
MAR,0.3,5,mean_mode,smoking_statusYes,-0.08123412617151846,0.07399733530818607,-0.22644322953724216,0.06397497719420525,-0.022120133000263893,-0.05911399317125456,0.2904182067314474,1
MAR,0.3,5,mean_mode,systolic_bp,0.0053889241187989635,0.0022930079942908408,8.892264813818154e-4,0.00988862175621611,0.0020175183065907756,0.003371405812208188,0.008999395274834295,1
MAR,0.3,6,mean_mode,(Intercept),4.039438455193907,0.3138230398441056,3.423605979044903,4.655270931342911,4.0349672958498015,0.00447115934410558,1.2316649522980079,1
MAR,0.3,6,mean_mode,age,0.015859896198879172,0.002530748858215853,0.010893666387834892,0.02082612600992345,0.01753512986073419,-0.001675233661855017,0.009932459622088559,1
MAR,0.3,6,mean_mode,bmi,0.022714235573762794,0.0056493899521796315,0.011628122187344929,0.03380034896018066,0.02897241650381511,-0.006258180930052315,0.02217222677283573,1
MAR,0.3,6,mean_mode,income_ratio,-0.059168787484491905,0.025488545339943474,-0.10918638338162875,-0.009151191587355063,-0.05343704488580892,-0.005731742598682983,0.1000351917942737,1
MAR,0.3,6,mean_mode,sexFemale,0.009824583111725576,0.07159868833192995,-0.13067752134299107,0.1503266875664422,-0.09307566573776974,0.10290024884949531,0.2810042089094333,1
MAR,0.3,6,mean_mode,smoking_statusYes,-0.03208550221063824,0.07559919622606616,-0.18043802670947712,0.11626702228820063,-0.022120133000263893,-0.009965369210374345,0.29670504899767774,1
MAR,0.3,6,mean_mode,systolic_bp,0.004095956485966174,0.002249207938830581,-3.177898566609086e-4,0.008509702828593257,0.0020175183065907756,0.0020784381793753984,0.008827492685254165,1
MAR,0.3,7,mean_mode,(Intercept),4.090307883231337,0.309639669971145,3.482684667399205,4.697931099063469,4.0349672958498015,0.05534058738153558,1.215246431664264,1
MAR,0.3,7,mean_mode,age,0.01662592779077363,0.00243104215635095,0.011855358008797376,0.021396497572749883,0.01753512986073419,-9.092020699605595e-4,0.009541139563952507,1
MAR,0.3,7,mean_mode,bmi,0.0318618181316645,0.005731106681494085,0.02061534744394232,0.04310828881938668,0.02897241650381511,0.0028894016278493903,0.02249294137544436,1
MAR,0.3,7,mean_mode,income_ratio,-0.052492757267232,0.025693749203470513,-0.10291303616512613,-0.0020724783693378684,-0.05343704488580892,9.442876185769208e-4,0.10084055779578827,1
MAR,0.3,7,mean_mode,sexFemale,-0.07811090767735379,0.07112938001962028,-0.21769206222287785,0.061470246868170264,-0.09307566573776974,0.014964758060415945,0.2791623090910481,1
MAR,0.3,7,mean_mode,smoking_statusYes,-0.11672982658238523,0.07557126636132512,-0.2650275427479337,0.031567889583163256,-0.022120133000263893,-0.09460969358212135,0.296595432331097,1
MAR,0.3,7,mean_mode,systolic_bp,0.001796113857540952,0.0022381840707126027,-0.0025959997330638218,0.006188227448145726,0.0020175183065907756,-2.214044490498235e-4,0.008784227181209548,1
MAR,0.3,8,mean_mode,(Intercept),3.709032242041783,0.30722675713075187,3.1061440198225143,4.311920464261052,4.0349672958498015,-0.32593505380801835,1.2057764444385373,1
MAR,0.3,8,mean_mode,age,0.015391181951264628,0.002489796526971825,0.010505315186753237,0.02027704871577602,0.01753512986073419,-0.0021439479094695606,0.009771733529022783,1
MAR,0.3,8,mean_mode,bmi,0.031636618846570146,0.005592515255438628,0.020662113853664864,0.04261112383947543,0.02897241650381511,0.002664202342755037,0.021949009985810564,1
MAR,0.3,8,mean_mode,income_ratio,-0.05941974320250328,0.025550479755672144,-0.10955887646227601,-0.009280609942730556,-0.05343704488580892,-0.00598269831669436,0.10027826651954545,1
MAR,0.3,8,mean_mode,sexFemale,-0.11404954676616469,0.07077330063398733,-0.25293194684844444,0.02483285331611504,-0.09307566573776974,-0.020973881028394953,0.2777648001645595,1
MAR,0.3,8,mean_mode,smoking_statusYes,-0.09611710651153155,0.07504578432653548,-0.24338363993531234,0.051149426912249246,-0.022120133000263893,-0.07399697351126766,0.2945330668475616,1
MAR,0.3,8,mean_mode,systolic_bp,0.005664008632442467,0.0022753222066953767,0.0011990168036650223,0.010129000461219912,0.0020175183065907756,0.0036464903258516916,0.00892998365755489,1
MCAR,0.1,1,mean_mode,(Intercept),4.049704025466669,0.26468631805507115,3.5302952824642744,4.569112768469064,4.0349672958498015,0.01473672961686745,1.0388174860047896,1
MCAR,0.1,1,mean_mode,age,0.015932718035473314,0.00221377298766085,0.011588507676348,0.020276928394598628,0.01753512986073419,-0.001602411825260875,0.008688420718250628,1
MCAR,0.1,1,mean_mode,bmi,0.027077474551751187,0.004765022793518452,0.017726804227173903,0.03642814487632847,0.02897241650381511,-0.0018949419520639214,0.018701340649154567,1
MCAR,0.1,1,mean_mode,income_ratio,-0.07504251776114816,0.02291697559448523,-0.12001377874061259,-0.030071256781683743,-0.05343704488580892,-0.02160547287533924,0.08994252195892885,1
MCAR,0.1,1,mean_mode,sexFemale,-0.09424880004421766,0.06784881813226495,-0.22739232479922772,0.038894724710792375,-0.09307566573776974,-0.0011731343064479288,0.2662870495100201,1
MCAR,0.1,1,mean_mode,smoking_statusYes,-0.08412409734857676,0.06966073617687427,-0.22082325006686546,0.05257505536971194,-0.022120133000263893,-0.062003964348312866,0.2733983054365774,1
MCAR,0.1,1,mean_mode,systolic_bp,0.0034678164394532688,0.0019702613265792095,-3.9853738852137265e-4,0.007334170267427911,0.0020175183065907756,0.0014502981328624932,0.007732707655949283,1
MCAR,0.1,2,mean_mode,(Intercept),3.903569046939238,0.2709295387453058,3.3719088833313906,4.435229210547085,4.0349672958498015,-0.13139824891056362,1.0633203272156946,1
MCAR,0.1,2,mean_mode,age,0.016310118936234873,0.0021712594629836887,0.012049335240699215,0.02057090263177053,0.01753512986073419,-0.001225010924499316,0.008521567391071315,1
MCAR,0.1,2,mean_mode,bmi,0.029414598159573105,0.004691017466312223,0.020209152621309373,0.03862004369783684,0.02897241650381511,4.4218165575799634e-4,0.018410891076527464,1
MCAR,0.1,2,mean_mode,income_ratio,-0.08045242697344711,0.022778169345722094,-0.12515130069949884,-0.035753553247395375,-0.05343704488580892,-0.027015382087638186,0.08939774745210347,1
MCAR,0.1,2,mean_mode,sexFemale,-0.11492249648222554,0.0670540940583797,-0.24650648980665896,0.01666149684220787,-0.09307566573776974,-0.0218468307444558,0.2631679866488668,1
MCAR,0.1,2,mean_mode,smoking_statusYes,-0.09192979980445352,0.0689906998377041,-0.22731410279703068,0.04345450318812365,-0.022120133000263893,-0.06980966680418962,0.27076860598515434,1
MCAR,0.1,2,mean_mode,systolic_bp,0.0040815659909389556,0.0019799248179762407,1.962489541500901e-4,0.007966883027727821,0.0020175183065907756,0.00206404768434818,0.007770634073577731,1
MCAR,0.1,3,mean_mode,(Intercept),3.9143666030710125,0.26594110466462334,3.392495522232674,4.436237683909351,4.0349672958498015,-0.12060069277878904,1.0437421616766769,1
MCAR,0.1,3,mean_mode,age,0.015663885067328846,0.002199484877385149,0.01134771306489954,0.019980057069758153,0.01753512986073419,-0.0018712447934053425,0.008632344004858614,1
MCAR,0.1,3,mean_mode,bmi,0.030799969720090546,0.004745247739975716,0.021488105087393794,0.0401118343527873,0.02897241650381511,0.0018275532162754377,0.018623729265393504,1
MCAR,0.1,3,mean_mode,income_ratio,-0.07460120042772485,0.02273818634036709,-0.11922161326956654,-0.029980787585883156,-0.05343704488580892,-0.021164155541915926,0.08924082568368338,1
MCAR,0.1,3,mean_mode,sexFemale,-0.08126623259154714,0.06719628999963291,-0.21312926495225973,0.05059679976916545,-0.09307566573776974,0.011809433146222598,0.2637260647214252,1
MCAR,0.1,3,mean_mode,smoking_statusYes,-0.11265124779134832,0.06940635692314763,-0.24885121789455167,0.023548722311855022,-0.022120133000263893,-0.09053111479108442,0.2723999402064067,1
MCAR,0.1,3,mean_mode,systolic_bp,0.0037899270582134738,0.0019607151934894393,-5.7693859707012764e-5,0.00763754797613396,0.0020175183065907756,0.0017724087516226982,0.007695241835840973,1
MCAR,0.1,4,mean_mode,(Intercept),3.986688911895633,0.2648885754083965,3.466883267993994,4.506494555797272,4.0349672958498015,-0.048278383954168724,1.0396112878032784,1
MCAR,0.1,4,mean_mode,age,0.015136935501321303,0.0022094897391247287,0.010801130399991182,0.019472740602651424,0.01753512986073419,-0.002398194359412886,0.008671610202660242,1
MCAR,0.1,4,mean_mode,bmi,0.028814066172207956,0.004788797267632022,0.01941674186942125,0.03821139047499466,0.02897241650381511,-1.58350331607153e-4,0.018794648605573408,1
MCAR,0.1,4,mean_mode,income_ratio,-0.07526718735964479,0.022678893182962442,-0.11977124592755767,-0.03076312879173191,-0.05343704488580892,-0.021830142473835863,0.089008117135825765,1
MCAR,0.1,4,mean_mode,sexFemale,-0.12600572874911817,0.06771714925334857,-0.2588908723101435,0.006879414811907153,-0.09307566573776974,-0.03293006301134843,0.26577028712205064,1
MCAR,0.1,4,mean_mode,smoking_statusYes,-0.15376220712778907,0.07011193676161225,-0.2913467759502526,-0.016177638305325537,-0.022120133000263893,-0.13164207412752518,0.27516913764492706,1
MCAR,0.1,4,mean_mode,systolic_bp,0.004324346952696227,0.0019767605231130725,4.4523938842352387e-4,0.00820345451696893,0.0020175183065907756,0.0023068286461054516,0.007758215128545406,1
MCAR,0.1,5,mean_mode,(Intercept),3.9349381413257007,0.26905199823650405,3.4069623803072226,4.462913902344178,4.0349672958498015,-0.10002915452410077,1.0559515220369557,1
MCAR,0.1,5,mean_mode,age,0.015382929719865608,0.002215659852258557,0.011035016660970572,0.019730842778760645,0.01753512986073419,-0.0021522001408685806,0.008695826117790073,1
MCAR,0.1,5,mean_mode,bmi,0.0234266582355196,0.0048535392396396,0.013902287145626371,0.03295102932541283,0.02897241650381511,-0.005545758268295509,0.019048742179786457,1
MCAR,0.1,5,mean_mode,income_ratio,-0.08175428823024097,0.022734988969300582,-0.1263684266922856,-0.03714014976819635,-0.05343704488580892,-0.02831724334443205,0.08922827692408924,1
MCAR,0.1,5,mean_mode,sexFemale,-0.10564391219921113,0.06819256305357418,-0.23946198680932,0.028174162410897735,-0.09307566573776974,-0.01256824646144139,0.2676361492202177,1
MCAR,0.1,5,mean_mode,smoking_statusYes,-0.0953269445904726,0.06986588985638968,-0.2324286818306301,0.04177479264968491,-0.022120133000263893,-0.0732068115902087,0.274203474480315,1
MCAR,0.1,5,mean_mode,systolic_bp,0.005743543258278003,0.002000428453058187,0.0018179907933674692,0.009669095723188538,0.0020175183065907756,0.003726024951687228,0.007851104929821068,1
MCAR,0.1,6,mean_mode,(Intercept),3.7171341032126684,0.2770291550260526,3.173504321951518,4.2607638844738185,4.0349672958498015,-0.31783319263713317,1.0872595625223003,1
MCAR,0.1,6,mean_mode,age,0.014752045718640475,0.0021917998174393986,0.010450954538505468,0.019053136898775483,0.01753512986073419,-0.0027830841420937134,0.008602182360270015,1
MCAR,0.1,6,mean_mode,bmi,0.03123879897828725,0.004956346377824265,0.021512683699995663,0.04096491425657884,0.02897241650381511,0.002266382474472143,0.019452230556583176,1
MCAR,0.1,6,mean_mode,income_ratio,-0.06164454219745572,0.022835073954476585,-0.10645508301503451,-0.016834001379876944,-0.05343704488580892,-0.0082074973116468,0.08962108163515756,1
MCAR,0.1,6,mean_mode,sexFemale,-0.12168685592758749,0.06802757185656734,-0.2551811590980787,0.011807447242903696,-0.09307566573776974,-0.028611190189817753,0.2669886063409824,1
MCAR,0.1,6,mean_mode,smoking_statusYes,-0.011693414356451942,0.06997781334089519,-0.14901478530048437,0.1256279565875805,-0.022120133000263893,0.010426718643811951,0.27464274188806487,1
MCAR,0.1,6,mean_mode,systolic_bp,0.005251336780870139,0.001998921269584876,0.0013287419462560983,0.00917393161548418,0.0020175183065907756,0.0032338184742793635,0.007845189669228082,1
MCAR,0.1,7,mean_mode,(Intercept),4.089008388170396,0.2682223060084937,3.562660778544088,4.615355997796704,4.0349672958498015,0.05404109232059451,1.052695219252616,1
MCAR,0.1,7,mean_mode,age,0.016242962465904683,0.0022079213327976513,0.011910235135895914,0.02057568979591345,0.01753512986073419,-0.0012921673948295062,0.008665454660017537,1
MCAR,0.1,7,mean_mode,bmi,0.030505155714109257,0.004788481078022901,0.021108451887849752,0.03990185954036876,0.02897241650381511,0.0015327392102941484,0.01879340765251901,1
MCAR,0.1,7,mean_mode,income_ratio,-0.08347014062283896,0.022567093092218993,-0.12775480762934696,-0.039185473616330964,-0.05343704488580892,-0.030033095737030037,0.088569334013016,1
MCAR,0.1,7,mean_mode,sexFemale,-0.1431195332695108,0.06795043827019823,-0.2764624728960393,-0.009776593642982279,-0.09307566573776974,-0.05004386753174106,0.26668587925305703,1
MCAR,0.1,7,mean_mode,smoking_statusYes,-0.006184145142058831,0.06960170888727459,-0.14276746531365944,0.13039917502954176,-0.022120133000263893,0.01593598785820506,0.2731666403432012,1
MCAR,0.1,7,mean_mode,systolic_bp,0.002429486475085817,0.0019631684350242414,-0.0014229485756966777,0.006281921525868312,0.0020175183065907756,4.1196816849504124e-4,0.00770487010156499,1
MCAR,0.1,8,mean_mode,(Intercept),3.9977407613805283,0.2661945631592843,3.4753723047840372,4.520109217977019,4.0349672958498015,-0.037226534469273265,1.044736913192982,1
MCAR,0.1,8,mean_mode,age,0.014515210977052528,0.0021965178129810903,0.010204861410795381,0.018825560543309673,0.01753512986073419,-0.0030199188836816607,0.008620699132514292,1
MCAR,0.1,8,mean_mode,bmi,0.026064638240115144,0.004791462266286681,0.016662084261644824,0.035467192218585464,0.02897241650381511,-0.0029077782636999644,0.01880510795694064,1
MCAR,0.1,8,mean_mode,income_ratio,-0.06788279947460396,0.02315115434242584,-0.1133136024885773,-0.022451996460630612,-0.05343704488580892,-0.014445754588795039,0.09086160602794668,1
MCAR,0.1,8,mean_mode,sexFemale,-0.09759712874339632,0.06831881417213355,-0.2316629529737931,0.03646869548700046,-0.09307566573776974,-0.004521463005626586,0.26813164846079357,1
MCAR,0.1,8,mean_mode,smoking_statusYes,-0.02585408513196769,0.07054229949307823,-0.16428317877546603,0.11257500851153066,-0.022120133000263893,-0.003733952131703796,0.2768581872869967,1
MCAR,0.1,8,mean_mode,systolic_bp,0.004422060840354281,0.002013778629225991,4.703105792254452e-4,0.008373811101483117,0.0020175183065907756,0.0024045425337635056,0.007903500522257672,1
MCAR,0.2,1,mean_mode,(Intercept),3.8543563886511487,0.2815248263246609,3.3019045005454877,4.40680827675681,4.0349672958498015,-0.1806109071986528,1.1049037762113225,1
MCAR,0.2,1,mean_mode,age,0.01569051947352528,0.0023547918951998064,0.01106957983710827,0.020311459109942295,0.01753512986073419,-0.0018446103872089073,0.009241879272834026,1
MCAR,0.2,1,mean_mode,bmi,0.02749654957906591,0.005004420791308689,0.017676095194537157,0.037317003963594664,0.02897241650381511,-0.0014758669247492001,0.019640908769057507,1
MCAR,0.2,1,mean_mode,income_ratio,-0.07607863471166508,0.024281502370178655,-0.1237275827833976,-0.02842968663993256,-0.05343704488580892,-0.022641589825856158,0.09529789614346504,1
MCAR,0.2,1,mean_mode,sexFemale,-0.07342335421086214,0.06888731962381371,-0.20860478843658092,0.06175808001485662,-0.09307566573776974,0.019652311526907593,0.27036286845143753,1
MCAR,0.2,1,mean_mode,smoking_statusYes,-0.045237596308177204,0.0715527147311439,-0.185649484198732,0.09517429158237761,-0.022120133000263893,-0.02311746330791331,0.2808237757811096,1
MCAR,0.2,1,mean_mode,systolic_bp,0.004705160760287041,0.002019789862556114,7.416143203045492e-4,0.008668707200269531,0.0020175183065907756,0.002687642453696265,0.007927092879964983,1
MCAR,0.2,2,mean_mode,(Intercept),3.7775737073135724,0.284936510827417,3.2184268801868146,4.33672053444033,4.0349672958498015,-0.25739358853622907,1.1182936542535153,1
MCAR,0.2,2,mean_mode,age,0.01538965040833382,0.0022959667180722926,0.010884146702014024,0.019895154114653615,0.01753512986073419,-0.0021454794524003694,0.00901100741263959,1
MCAR,0.2,2,mean_mode,bmi,0.02539879254652979,0.0053054275581993675,0.014987655773977595,0.03580992931908199,0.02897241650381511,-0.0035736239572853185,0.020822273545104394,1
MCAR,0.2,2,mean_mode,income_ratio,-0.06588544837228681,0.024260654574141345,-0.1134934856496357,-0.018277411094937926,-0.05343704488580892,-0.01244840348647789,0.09521607455469777,1
MCAR,0.2,2,mean_mode,sexFemale,-0.09918045461212359,0.0685474252369865,-0.23369489510158598,0.03533398587733878,-0.09307566573776974,-0.006104788874353853,0.26902888097892474,1
MCAR,0.2,2,mean_mode,smoking_statusYes,-0.07777143422570568,0.07152673041297898,-0.21813233163766305,0.06258946318625169,-0.022120133000263893,-0.055651301225441784,0.28072179482391474,1
MCAR,0.2,2,mean_mode,systolic_bp,0.005959400022076368,0.002073558839245736,0.0018903397164732483,0.010028460327679487,0.0020175183065907756,0.003941881715485592,0.008138120611206239,1
MCAR,0.2,3,mean_mode,(Intercept),3.5693437842149054,0.28945269975092386,3.001334587362517,4.137352981067294,4.0349672958498015,-0.4656235116348961,1.1360183937047772,1
MCAR,0.2,3,mean_mode,age,0.014404447190179373,0.0022859574858443104,0.009918585159213851,0.018890309221144895,0.01753512986073419,-0.0031306826705548157,0.008971724061931044,1
MCAR,0.2,3,mean_mode,bmi,0.029888746724024095,0.0050644563544190975,0.019950481201391368,0.03982701224665682,0.02897241650381511,9.163302202089864e-4,0.019876531045265454,1
MCAR,0.2,3,mean_mode,income_ratio,-0.058381168211429,0.024385281605485656,-0.10623376807202861,-0.010528568350829395,-0.05343704488580892,-0.004944123325620081,0.09570519972119922,1
MCAR,0.2,3,mean_mode,sexFemale,-0.05605773385511338,0.06893159302884538,-0.1913260482559198,0.07921058054569306,-0.09307566573776974,0.037017931882656355,0.2705366288016129,1
MCAR,0.2,3,mean_mode,smoking_statusYes,9.014899352538509e-4,0.07215541943162122,-0.14069311904635268,0.14249609891686038,-0.022120133000263893,0.023021622935517745,0.28318921796321306,1
MCAR,0.2,3,mean_mode,systolic_bp,0.006554802895083344,0.0021028529768773595,0.0024282570673104876,0.010681348722856199,0.0020175183065907756,0.004537284588492568,0.008253091655545712,0
MCAR,0.2,4,mean_mode,(Intercept),4.000762969200708,0.28901528715973274,3.4336121315027834,4.567913806898632,4.0349672958498015,-0.03420432664909345,1.1343016753958488,1
MCAR,0.2,4,mean_mode,age,0.015688307782556657,0.0023137486384217035,0.011147909620925673,0.02022870594418764,0.01753512986073419,-0.0018468220781775319,0.009080796323261968,1
MCAR,0.2,4,mean_mode,bmi,0.025116126726200762,0.005159902965986586,0.014990560987590147,0.035241692464811375,0.02897241650381511,-0.0038562897776143468,0.020251131477221226,1
MCAR,0.2,4,mean_mode,income_ratio,-0.07828967168883448,0.024294065137035633,-0.12596327237952276,-0.0306160709981462,-0.05343704488580892,-0.02485262680302556,0.09534720138137656,1
MCAR,0.2,4,mean_mode,sexFemale,-0.07014938789804258,0.069733686946622,-0.20699169598565353,0.06669292018956839,-0.09307566573776974,0.022926277839727158,0.27368461617522194,1
MCAR,0.2,4,mean_mode,smoking_statusYes,-0.06238928618933622,0.07197901167873783,-0.203637720386185,0.07885914800751254,-0.022120133000263893,-0.04026915318907233,0.28249686839369753,1
MCAR,0.2,4,mean_mode,systolic_bp,0.004275208116300808,0.002018562198416257,3.1407079021735645e-4,0.00823634544238426,0.0020175183065907756,0.0022576898097100328,0.007922274652166904,1
MCAR,0.2,5,mean_mode,(Intercept),3.8509153600995973,0.29559909054310507,3.270844757358053,4.430985962841142,4.0349672958498015,-0.18405193575020418,1.1601412054830886,1
MCAR,0.2,5,mean_mode,age,0.017000553695105333,0.00234148327143721,0.012405730314301441,0.021595377075909222,0.01753512986073419,-5.345761656288563e-4,0.009189646761607781,1
MCAR,0.2,5,mean_mode,bmi,0.029362947340924116,0.005215189370676057,0.01912889000298986,0.03959700467885837,0.02897241650381511,3.9053083710900716e-4,0.02046811467586851,1
MCAR,0.2,5,mean_mode,income_ratio,-0.0672866966454313,0.024390368699510175,-0.11514927919471775,-0.01942411409614485,-0.05343704488580892,-0.013849651759622376,0.0957251650985729,1
MCAR,0.2,5,mean_mode,sexFemale,-0.047912945036282566,0.06914828563166614,-0.1836064874325369,0.08778059735997176,-0.09307566573776974,0.04516272070148717,0.27138708479250867,1
MCAR,0.2,5,mean_mode,smoking_statusYes,-0.03067912397712664,0.07187441589435344,-0.17172230402525457,0.1103640560710013,-0.022120133000263893,-0.008558990976862746,0.2820863600962559,1
MCAR,0.2,5,mean_mode,systolic_bp,0.0036860613507769925,0.0021413614114820876,-5.160517286770406e-4,0.007888174430231026,0.0020175183065907756,0.001668543044186217,0.008404226158908066,1
MCAR,0.2,6,mean_mode,(Intercept),4.045323271585638,0.29255393216478665,3.471228353183004,4.619418189988272,4.0349672958498015,0.010355975735836687,1.1481898368052676,1
MCAR,0.2,6,mean_mode,age,0.01562921594757186,0.00232051131242725,0.011075547013086552,0.02018288488205717,0.01753512986073419,-0.0019059139131623291,0.009107337868970616,1
MCAR,0.2,6,mean_mode,bmi,0.02019125808366708,0.005231580868977196,0.009925034793253375,0.030457481374080785,0.02897241650381511,-0.008781158420148028,0.02053244658082741,1
MCAR,0.2,6,mean_mode,income_ratio,-0.06798026881243574,0.02455009178066822,-0.11615628488341828,-0.019804252741453206,-0.05343704488580892,-0.014543223926626818,0.09635203214196508,1
MCAR,0.2,6,mean_mode,sexFemale,-0.10326889551054631,0.06983856941437994,-0.24031702032167152,0.033779229300578875,-0.09307566573776974,-0.010193229772776577,0.2740962496222504,1
MCAR,0.2,6,mean_mode,smoking_statusYes,-0.07095863983840367,0.07207736653904169,-0.2124000812701333,0.07048280159332596,-0.022120133000263893,-0.04883850683813978,0.28288288286345925,1
MCAR,0.2,6,mean_mode,systolic_bp,0.005207774139091259,0.0020262962253831526,0.0012314598999934147,0.009184088378189105,0.0020175183065907756,0.003190255832500484,0.007952628478195691,1
MCAR,0.2,7,mean_mode,(Intercept),3.7383071665614005,0.2926238988108435,3.164074948702008,4.312539384420793,4.0349672958498015,-0.296660129288401,1.1484644357187852,1
MCAR,0.2,7,mean_mode,age,0.015092931465819963,0.0023373220285002184,0.01050627392441084,0.019679589007229086,0.01753512986073419,-0.002442198394914226,0.009173315082818247,1
MCAR,0.2,7,mean_mode,bmi,0.027879504792286798,0.005027376259690256,0.018014003610232907,0.03774500597434069,0.02897241650381511,-0.0010929117115283105,0.019731002364107783,1
MCAR,0.2,7,mean_mode,income_ratio,-0.04595813241964393,0.02433214080838305,-0.09370645112650643,0.0017901862872185675,-0.05343704488580892,0.007478912466164993,0.095496637413725,1
MCAR,0.2,7,mean_mode,sexFemale,-0.13117116093827266,0.0695630787728227,-0.267678675079033,0.005336353202487626,-0.09307566573776974,-0.03809549520050293,0.2730150282815206,1
MCAR,0.2,7,mean_mode,smoking_statusYes,-0.05903783334100418,0.07161960584682489,-0.19958098540331215,0.08150531872130379,-0.022120133000263893,-0.03691770034074029,0.28108630412461594,1
MCAR,0.2,7,mean_mode,systolic_bp,0.005598017368741176,0.0020261007824453336,0.0016220866582344852,0.009573948079247867,0.0020175183065907756,0.0035804990621504003,0.007951861421013381,1
MCAR,0.2,8,mean_mode,(Intercept),3.832750803221846,0.2888245843642504,3.26597419226906,4.3995274141746314,4.0349672958498015,-0.2022164926279557,1.1335532219055713,1
MCAR,0.2,8,mean_mode,age,0.014315499575436135,0.00232657691680682,0.009749927766750557,0.018881071384121713,0.01753512986073419,-0.0032196302852980536,0.009131143617371155,1
MCAR,0.2,8,mean_mode,bmi,0.023953691819414417,0.005165204449938821,0.01381772268278946,0.034089660956039373,0.02897241650381511,-0.005018724684400691,0.020271938273249912,1
MCAR,0.2,8,mean_mode,income_ratio,-0.04999217081687769,0.0246301755398087,-0.09832533972060092,-0.001659001913154455,-0.05343704488580892,0.0034448740689312293,0.09666633780744646,1
MCAR,0.2,8,mean_mode,sexFemale,-0.10333288493796457,0.06852702686595392,-0.23780729656482774,0.031141526688898594,-0.09307566573776974,-0.010257219200194831,0.2689488232537263,1
MCAR,0.2,8,mean_mode,smoking_statusYes,-0.0711924664083779,0.07215059385595489,-0.21277760589337602,0.07039267307662023,-0.022120133000263893,-0.049072333408114004,0.28317027896999625,1
MCAR,0.2,8,mean_mode,systolic_bp,0.006145494446644238,0.0020734595960167665,0.0020766288915714413,0.010214360001717035,0.0020175183065907756,0.004127976140053462,0.008137731110145593,0
MCAR,0.3,1,mean_mode,(Intercept),3.974524103049083,0.3163118701715022,3.3538076561629504,4.595240549935216,4.0349672958498015,-0.060443192800718304,1.2414328937722656,1
MCAR,0.3,1,mean_mode,age,0.016453837159339808,0.0024636188622703713,0.01161934028813167,0.021288334030547945,0.01753512986073419,-0.0010812927013943811,0.009668993742416275,1
MCAR,0.3,1,mean_mode,bmi,0.028398149592093466,0.0056425070930759425,0.017325542824459597,0.039470756359727334,0.02897241650381511,-5.74266911721643e-4,0.022145213535267737,1
MCAR,0.3,1,mean_mode,income_ratio,-0.07406792929497555,0.02640841602488782,-0.12589063880622933,-0.02224521978372177,-0.05343704488580892,-0.020630884409166626,0.10364541902250757,1
MCAR,0.3,1,mean_mode,sexFemale,-0.09464301522457244,0.07073672020186057,-0.23345363148210047,0.044167601032955583,-0.09307566573776974,-0.001567349486802705,0.27762123251505605,1
MCAR,0.3,1,mean_mode,smoking_statusYes,0.044905620121164586,0.07480612292442035,-0.1018906123496485,0.19170185259197767,-0.022120133000263893,0.06702575312142847,0.29359246494162616,1
MCAR,0.3,1,mean_mode,systolic_bp,0.0032897448712961622,0.0021754767550935515,-9.793146520561849e-4,0.007558804394648509,0.0020175183065907756,0.0012722265647053866,0.008538119046704694,1
MCAR,0.3,2,mean_mode,(Intercept),3.7475808064756957,0.3120832827062864,3.1351623529128387,4.359999260038553,4.0349672958498015,-0.2873864893741058,1.224836907125714,1
MCAR,0.3,2,mean_mode,age,0.01590516064432171,0.002450322666141728,0.01109675564128658,0.020713565647356838,0.01753512986073419,-0.0016299692164124802,0.009616810006070259,1
MCAR,0.3,2,mean_mode,bmi,0.030281564239858366,0.0054193794696601435,0.019646813267941897,0.040916315211774835,0.02897241650381511,0.0013091477360432577,0.02126950194383294,1
MCAR,0.3,2,mean_mode,income_ratio,-0.06230611532741212,0.026603054593206422,-0.11451077497062973,-0.010101455684194516,-0.05343704488580892,-0.008869070441603198,0.10440931928643521,1
MCAR,0.3,2,mean_mode,sexFemale,-0.06037498675012551,0.07126561935974683,-0.20022349136089881,0.0794735178606478,-0.09307566573776974,0.03270067898764423,0.2796970092215466,1
MCAR,0.3,2,mean_mode,smoking_statusYes,0.011104464400634844,0.07365101846002316,-0.13342504207429898,0.15563397087556866,-0.022120133000263893,0.03322459740089874,0.28905901294986763,1
MCAR,0.3,2,mean_mode,systolic_bp,0.004432949455068412,0.0021192086000007696,2.743080746807668e-4,0.008591590835456058,0.0020175183065907756,0.0024154311484776364,0.008317282760775292,1
MCAR,0.3,3,mean_mode,(Intercept),3.564297889912802,0.3155011906557854,2.945172284711764,4.18342349511384,4.0349672958498015,-0.4706694059369996,1.2382512104020762,1
MCAR,0.3,3,mean_mode,age,0.015404903351792136,0.0024680780859672917,0.010561655896903652,0.02024815080668062,0.01753512986073419,-0.0021302265089420524,0.00968649490977697,1
MCAR,0.3,3,mean_mode,bmi,0.027422595192612906,0.005370809850972743,0.016883155095757534,0.037962035289468274,0.02897241650381511,-0.0015498213112022027,0.02107888019371074,1
MCAR,0.3,3,mean_mode,income_ratio,-0.06535598429032996,0.025710428610740056,-0.11580899412055017,-0.014902974460109755,-0.05343704488580892,-0.011918939404521038,0.10090601966044041,1
MCAR,0.3,3,mean_mode,sexFemale,-0.17666112116591967,0.07075528458262444,-0.3155081673445257,-0.03781407498731362,-0.09307566573776974,-0.08358545542814994,0.2776940923572121,1
MCAR,0.3,3,mean_mode,smoking_statusYes,-0.12912262118151233,0.0738554263274102,-0.27405324862952646,0.015808006266501806,-0.022120133000263893,-0.10700248818124844,0.28986125489602826,1
MCAR,0.3,3,mean_mode,systolic_bp,0.007800298983813181,0.002197375179806215,0.003488266958756492,0.01211233100886987,0.0020175183065907756,0.005782780677222405,0.00862406405011338,0
MCAR,0.3,4,mean_mode,(Intercept),3.8842966622169812,0.32517229770534745,3.246192903581471,4.522400420852491,4.0349672958498015,-0.1506706336328203,1.2762075172710197,1
MCAR,0.3,4,mean_mode,age,0.012697357027148049,0.002567072542243098,0.007659847222485506,0.01773486683181059,0.01753512986073419,-0.00483777283358614,0.010075019609325084,1
MCAR,0.3,4,mean_mode,bmi,0.02375409532325225,0.00572217696199911,0.012525147922764298,0.034983042723740206,0.02897241650381511,-0.005218321180562858,0.02245789480097591,1
MCAR,0.3,4,mean_mode,income_ratio,-0.06277291418660584,0.026146333125664282,-0.11408132378901506,-0.011464504584196615,-0.05343704488580892,-0.009335869300796919,0.10261681920481844,1
MCAR,0.3,4,mean_mode,sexFemale,-0.10890627112417647,0.0730434564838065,-0.25224352480462664,0.03443098255627369,-0.09307566573776974,-0.015830605386406738,0.28667450736090033,1
MCAR,0.3,4,mean_mode,smoking_statusYes,0.05973365305900037,0.07418837572158059,-0.08585033957834505,0.2053176456963458,-0.022120133000263893,0.08185378605926427,0.29116798527469084,1
MCAR,0.3,4,mean_mode,systolic_bp,0.0064402391440334565,0.0023556040949942658,0.0018177056826034757,0.011062772605463438,0.0020175183065907756,0.004422720837442681,0.009245066922859962,1
MCAR,0.3,5,mean_mode,(Intercept),4.093327405791909,0.31808147872896786,3.4691383572118406,4.717516454371977,4.0349672958498015,0.058360109942107385,1.2483780971601366,1
MCAR,0.3,5,mean_mode,age,0.0171179006013316,0.002459101664009778,0.012292268080527625,0.021943533122135577,0.01753512986073419,-4.172292594025878e-4,0.009651265041607952,1
MCAR,0.3,5,mean_mode,bmi,0.021820940505888935,0.005650720429981517,0.010732216248581526,0.032909664763196345,0.02897241650381511,-0.007151475997926173,0.02217744851461482,1
MCAR,0.3,5,mean_mode,income_ratio,-0.06535992443697053,0.02597380228412421,-0.11632976713425236,-0.014390081739688698,-0.05343704488580892,-0.011922879551161607,0.10193968539456366,1
MCAR,0.3,5,mean_mode,sexFemale,-0.1055701317392495,0.0726984951933137,-0.2482304486154253,0.037090185136926274,-0.09307566573776974,-0.01249446600147977,0.28532063375235156,1
MCAR,0.3,5,mean_mode,smoking_statusYes,-0.07857867475366768,0.07465389688506799,-0.2250761855665831,0.06791883605924774,-0.022120133000263893,-0.05645854175340379,0.29299502162583085,1
MCAR,0.3,5,mean_mode,systolic_bp,0.0038542787064581242,0.0021713034866232437,-4.065913791238781e-4,0.008115148792040127,0.0020175183065907756,0.0018367603998673486,0.008521740171164005,1
MCAR,0.3,6,mean_mode,(Intercept),3.476155690574969,0.3071074933273313,2.873501506377293,4.078809874772645,4.0349672958498015,-0.5588116052748324,1.205308368395352,1
MCAR,0.3,6,mean_mode,age,0.013459475365202287,0.0024791730854531405,0.008594455573236078,0.018324495157168497,0.01753512986073419,-0.004075654495531902,0.0097300395839324191,1
MCAR,0.3,6,mean_mode,bmi,0.030825621308683843,0.005272884210664359,0.02047834616434294,0.04117289645302474,0.02897241650381511,0.0018532048048687348,0.020694550288681803,1
MCAR,0.3,6,mean_mode,income_ratio,-0.055700929359525114,0.025995589999380807,-0.10671352730716321,-0.0046883314118870215,-0.05343704488580892,-0.002263884473716192,0.1020251958952762,1
MCAR,0.3,6,mean_mode,sexFemale,-0.11390908054489395,0.071490704491291,-0.2541992822788996,0.026381121189111692,-0.09307566573776974,-0.02083341480712421,0.2805804034680113,1
MCAR,0.3,6,mean_mode,smoking_statusYes,0.033346811525117905,0.07520813362804118,-0.11423830899920526,0.18093193204944105,-0.022120133000263893,0.0554669445253818,0.2951702410486463,1
MCAR,0.3,6,mean_mode,systolic_bp,0.007580580736507801,0.002124426984018146,0.0034116990297486,0.011749462443267002,0.0020175183065907756,0.005563062429917025,0.008337763413518402,0
MCAR,0.3,7,mean_mode,(Intercept),3.633221125405384,0.31923062341282155,3.0067770460396144,4.259665204771154,4.0349672958498015,-0.4017461704444174,1.2528881587315395,1
MCAR,0.3,7,mean_mode,age,0.012881328973745464,0.0024990229900887025,0.007977356605419303,0.017785301342071624,0.01753512986073419,-0.004653800886988725,0.009807944736652321,1
MCAR,0.3,7,mean_mode,bmi,0.022982974022131807,0.005453293047566786,0.012281672542426954,0.033684275501836655,0.02897241650381511,-0.005989442481683302,0.0214026029594097,1
MCAR,0.3,7,mean_mode,income_ratio,-0.03247157959277202,0.026459852024478796,-0.0843952248384035,0.019452065652859465,-0.05343704488580892,0.020965465293036903,0.10384729049126297,1
MCAR,0.3,7,mean_mode,sexFemale,-0.029160387460757244,0.07230097815097353,-0.171040634445897,0.11271985952438252,-0.09307566573776974,0.06391527827701249,0.2837604939702795,1
MCAR,0.3,7,mean_mode,smoking_statusYes,-0.0038151203650323893,0.07422175418622656,-0.14946461342753203,0.14183437269746724,-0.022120133000263893,0.018305012635231505,0.29129898612499927,1
MCAR,0.3,7,mean_mode,systolic_bp,0.007693657774158996,0.0022474681106112206,0.0032833255936053386,0.012103989954712653,0.0020175183065907756,0.0056761394675682204,0.008820664361107315,0
MCAR,0.3,8,mean_mode,(Intercept),3.9206455361601424,0.3074072536904019,3.3174031154622634,4.5238879568580215,4.0349672958498015,-0.11432175968965907,1.206484841395758,1
MCAR,0.3,8,mean_mode,age,0.015783266717768123,0.0024823590602210434,0.010911994909598004,0.020654538525938244,0.01753512986073419,-0.0017518631429660654,0.00974254361634024,1
MCAR,0.3,8,mean_mode,bmi,0.025301813138662668,0.005470823016314765,0.014566111622344042,0.03603751465498129,0.02897241650381511,-0.003670603365152441,0.021471403032637247,1
MCAR,0.3,8,mean_mode,income_ratio,-0.05649115055791299,0.025436577754146854,-0.106406767559375,-0.00657553355645097,-0.05343704488580892,-0.0030541056721040682,0.09983123400292404,1
MCAR,0.3,8,mean_mode,sexFemale,-0.12858323341819003,0.07107907834876437,-0.2680656781859584,0.010899211349578303,-0.09307566573776974,-0.03550756768042029,0.27896488953553666,1
MCAR,0.3,8,mean_mode,smoking_statusYes,0.017253489341218627,0.07610275888249991,-0.1320872042791794,0.16659418296161663,-0.022120133000263893,0.03937362234148252,0.298681387240796,1
MCAR,0.3,8,mean_mode,systolic_bp,0.004675271387009283,0.0021288743309349316,4.976624030386392e-4,0.008852880370979928,0.0020175183065907756,0.0026577530804185075,0.008355217967941288,1
MAR,0.1,1,mice,(Intercept),4.25398895143851,0.27337463965912395,3.7160464843566925,4.791931418520327,4.0349672958498015,0.21902165558870834,1.0758849341636343,1
MAR,0.1,1,mice,age,0.01650999385820018,0.002434520757800279,0.01170040588859007,0.021319581827810293,0.01753512986073419,-0.0010251360025340071,0.009619175939220223,1
MAR,0.1,1,mice,bmi,0.028955153693305997,0.004870586955229556,0.01938858026340276,0.03852172712320923,0.02897241650381511,-1.7262810509111742e-5,0.019133146859806473,1
MAR,0.1,1,mice,income_ratio,-0.07558612275489932,0.022369256992674853,-0.11951093567975905,-0.03166130983003958,-0.05343704488580892,-0.022149077869090393,0.08784962584971948,1
MAR,0.1,1,mice,sexFemale,-0.14560563388250472,0.07830889235019955,-0.30084247687920357,0.009631209114194128,-0.09307566573776974,-0.052529968144734984,0.3104736859933977,1
MAR,0.1,1,mice,smoking_statusYes,-0.07191131360796338,0.07633576601500787,-0.22242551316462678,0.07860288594870002,-0.022120133000263893,-0.049791180607699485,0.3010283991133268,1
MAR,0.1,1,mice,systolic_bp,0.0015547866383011563,0.0022011575878759042,-0.0028004490497463355,0.005910022326348649,0.0020175183065907756,-4.6273166828961925e-4,0.008710471376094984,1
MAR,0.1,2,mice,(Intercept),4.012269962813144,0.28469141774298884,3.448858611851187,4.5756813137751005,4.0349672958498015,-0.022697333036657774,1.1268227019239134,1
MAR,0.1,2,mice,age,0.016849314568646266,0.0023132282865219035,0.012296785824681819,0.021401843312610712,0.01753512986073419,-6.858152920879226e-4,0.009105057487928893,1
MAR,0.1,2,mice,bmi,0.03133273392265945,0.005186086179354178,0.021120891659918484,0.04154457618540042,0.02897241650381511,0.002360317418844342,0.020423684525481933,1
MAR,0.1,2,mice,income_ratio,-0.06237191970391274,0.022977776069889193,-0.10758144425584923,-0.017162395151976248,-0.05343704488580892,-0.008934874818103816,0.09041904910387298,1
MAR,0.1,2,mice,sexFemale,-0.11608005936535466,0.07167747004201282,-0.2570327587257604,0.024872639995051113,-0.09307566573776974,-0.023004393627584926,0.28190539872081155,1
MAR,0.1,2,mice,smoking_statusYes,-0.07491335016110964,0.07235348296581308,-0.21709345879471395,0.06726675847249466,-0.022120133000263893,-0.05279321716084575,0.2843602172672086,1
MAR,0.1,2,mice,systolic_bp,0.0024929152483587924,0.00232104258066937,-0.0021568572816190036,0.007142687778336588,0.0020175183065907756,4.7539694176801676e-4,0.009299545059955592,1
MAR,0.1,3,mice,(Intercept),4.099565191466983,0.2687921730771658,3.5708810318340847,4.628249351099881,4.0349672958498015,0.06459789561718132,1.0573683192657963,1
MAR,0.1,3,mice,age,0.014857501051559781,0.0023497614562802806,0.01023180316489002,0.019483198938229543,0.01753512986073419,-0.0026776288091744076,0.009251395773339523,1
MAR,0.1,3,mice,bmi,0.026265721627182922,0.005026469546158465,0.016387277138504165,0.03614416611586168,0.02897241650381511,-0.002706694876632186,0.019756888977357515,1
MAR,0.1,3,mice,income_ratio,-0.0728232739052844,0.02261981030498701,-0.11723720137674482,-0.02840934643382398,-0.05343704488580892,-0.019386229019475475,0.08882785494292084,1
MAR,0.1,3,mice,sexFemale,-0.1199527246405436,0.07298550914286304,-0.2636145043656508,0.023709055084563613,-0.09307566573776974,-0.026877058902773865,0.2873235594502144,1
MAR,0.1,3,mice,smoking_statusYes,-0.048185778993941046,0.07440266357198279,-0.1945498820326506,0.0981783240447685,-0.022120133000263893,-0.026065645993677153,0.2927282060774191,1
MAR,0.1,3,mice,systolic_bp,0.0038177861377236746,0.002140445727606974,-4.0868989518498197e-4,0.008044262170632331,0.0020175183065907756,0.001800267831132899,0.008452952065817313,1
MAR,0.1,4,mice,(Intercept),3.878334173046513,0.326189012632519,3.2182864330272616,4.538381913065764,4.0349672958498015,-0.15663312280328867,1.320095480038502,1
MAR,0.1,4,mice,age,0.016891136935927052,0.0025585988116031393,0.011794617883550462,0.021987655988303642,0.01753512986073419,-6.439929248071366e-4,0.01019303810475318,1
MAR,0.1,4,mice,bmi,0.02551791531131832,0.0052750345711240374,0.015062274870354534,0.03597355575228211,0.02897241650381511,-0.003454501192496788,0.020911280881927577,1
MAR,0.1,4,mice,income_ratio,-0.06165939390292423,0.023961502751279274,-0.10902587106236455,-0.014292916743483895,-0.05343704488580892,-0.008222349017115306,0.09473295431888065,1
MAR,0.1,4,mice,sexFemale,-0.1194518142129028,0.07249845821791748,-0.26215441439692366,0.02325078597111807,-0.09307566573776974,-0.02637614847513306,0.28540520036804173,1
MAR,0.1,4,mice,smoking_statusYes,-0.10363305839012316,0.07880052484397791,-0.2597771595732379,0.05251104279299154,-0.022120133000263893,-0.08151292538985927,0.31228820236622945,1
MAR,0.1,4,mice,systolic_bp,0.004821150216406787,0.0026086415390647465,-4.948547287444522e-4,0.010137155161558026,0.0020175183065907756,0.0028036319098160116,0.010632009890302479,1
MAR,0.1,5,mice,(Intercept),4.316521544893044,0.2770832610609972,3.7712976892895806,4.861745400496508,4.0349672958498015,0.2815542490432428,1.0904477112069273,1
MAR,0.1,5,mice,age,0.01640769131354385,0.002237700901790676,0.012013558936843863,0.020801823690243835,0.01753512986073419,-0.0011274385471903396,0.008788264753399971,1
MAR,0.1,5,mice,bmi,0.026425525530964774,0.005218839600288078,0.01613996782297259,0.03671108323895696,0.02897241650381511,-0.0025468909728503346,0.020571115415984366,1
MAR,0.1,5,mice,income_ratio,-0.07499787341590518,0.02321833112314852,-0.1206609969797808,-0.029334749852029544,-0.05343704488580892,-0.021560828530096256,0.09132624712775125,1
MAR,0.1,5,mice,sexFemale,-0.13169399179772415,0.07684668638979052,-0.283679251723136,0.020291268127687723,-0.09307566573776974,-0.03861832605995441,0.30397051985082374,1
MAR,0.1,5,mice,smoking_statusYes,-0.14751877896970395,0.07411119199996515,-0.29323241346618334,-0.0018051444732245792,-0.022120133000263893,-0.12539864596944006,0.2914272689929588,1
MAR,0.1,5,mice,systolic_bp,0.0018357023126970794,0.0020486464931847677,-0.002191346762810334,0.005862751388204492,0.0020175183065907756,-1.8181599389369618e-4,0.008054098151014826,1
MAR,0.1,6,mice,(Intercept),4.1107975487547055,0.2966046159426331,3.5243006193200035,4.6972944781894075,4.0349672958498015,0.07583025290490397,1.172993858869404,1
MAR,0.1,6,mice,age,0.01691396659966104,0.0023165266981745375,0.012352550783564356,0.02147538241575772,0.01753512986073419,-6.211632610731502e-4,0.009122831632193365,1
MAR,0.1,6,mice,bmi,0.024183813674473933,0.00590702960095069,0.012370543847393577,0.03599708350155429,0.02897241650381511,-0.004788602829341175,0.023626539654160714,1
MAR,0.1,6,mice,income_ratio,-0.07008070528230394,0.022703423706084764,-0.11470910675803858,-0.025452303806569286,-0.05343704488580892,-0.016643660396495015,0.08925680295146929,1
MAR,0.1,6,mice,sexFemale,-0.07930608273604857,0.07041210958645508,-0.21759751137202615,0.05898534589992903,-0.09307566573776974,0.013769583001721167,0.2765828572719552,1
MAR,0.1,6,mice,smoking_statusYes,-0.05563278427791785,0.07791196038983694,-0.20965952203599414,0.09839395348015845,-0.022120133000263893,-0.03351265127765396,0.3080534755161526,1
MAR,0.1,6,mice,systolic_bp,0.0032286723980809113,0.0021892496378126953,-0.001101040461853069,0.0075583852580148915,0.0020175183065907756,0.0012111540914901357,0.00865942571986796,1
MAR,0.1,7,mice,(Intercept),4.020246859431819,0.28710838373849207,3.4513878545302923,4.589105864333346,4.0349672958498015,-0.014720436417982263,1.137718009803054,1
MAR,0.1,7,mice,age,0.015492515586465755,0.002201335919078248,0.011170250550367595,0.019814780622563914,0.01753512986073419,-0.0020426142742684342,0.00864453007219632,1
MAR,0.1,7,mice,bmi,0.029165052614056216,0.005149414193789757,0.019000116140937568,0.03932998908717486,0.02897241650381511,1.926361102411074e-4,0.020329872946237292,1
MAR,0.1,7,mice,income_ratio,-0.07378704772050486,0.021783882364200324,-0.11654225855891041,-0.031031836882099303,-0.05343704488580892,-0.020350002834695936,0.08551042167681111,1
MAR,0.1,7,mice,sexFemale,-0.07859460678635682,0.07248801280628363,-0.2212244341213981,0.06403522054868446,-0.09307566573776974,0.014481058951412912,0.2852596546700826,1
MAR,0.1,7,mice,smoking_statusYes,-0.09637932904449688,0.07700091672146074,-0.24842138240059636,0.055662724311602615,-0.022120133000263893,-0.07425919604423298,0.304084106712199,1
MAR,0.1,7,mice,systolic_bp,0.0034799476023048503,0.0021939323608280727,-8.842393811046884e-4,0.00784413458571439,0.0020175183065907756,0.0014624292957140747,0.008728373966819077,1
MAR,0.1,8,mice,(Intercept),4.049690067554649,0.27552664163218626,3.505836224371788,4.59354391073751,4.0349672958498015,0.014722771704847482,1.0877076863657216,1
MAR,0.1,8,mice,age,0.015854479021648615,0.0022362344560698747,0.011459482827649962,0.020249475215647267,0.01753512986073419,-0.0016806508390855741,0.008789992387997304,1
MAR,0.1,8,mice,bmi,0.03396282484138061,0.005196149885376338,0.02372393284923819,0.04420171683352302,0.02897241650381511,0.004990408337565498,0.020477783984284834,1
MAR,0.1,8,mice,income_ratio,-0.07357998831409042,0.022700164326405023,-0.11819035822993078,-0.02896961839825006,-0.05343704488580892,-0.020142943428281497,0.08922073983168072,1
MAR,0.1,8,mice,sexFemale,-0.1147937488798942,0.07191560700183772,-0.2563150468122294,0.026727549052441,-0.09307566573776974,-0.021718083142124464,0.2830425958646704,1
MAR,0.1,8,mice,smoking_statusYes,-0.026508366949034363,0.07990929303652572,-0.18512934751783086,0.13211261361976215,-0.022120133000263893,-0.00438823394877047,0.317241961137593,1
MAR,0.1,8,mice,systolic_bp,0.0018970261954819618,0.002100863387408868,-0.0022495654363957045,0.006043617827359628,0.0020175183065907756,-1.2049211110881381e-4,0.008293183263755333,1
MAR,0.2,1,mice,(Intercept),4.191201924932635,0.29026824360913595,3.6187335781580376,4.763670271707232,4.0349672958498015,0.15623462908283337,1.1449366935491945,1
MAR,0.2,1,mice,age,0.015307248537197957,0.0025288896299099296,0.010288418542262798,0.020326078532133116,0.01753512986073419,-0.002227881323536232,0.010037659989870319,1
MAR,0.2,1,mice,bmi,0.03284206540984554,0.006995256657128681,0.018475178839991398,0.04720895197969969,0.02897241650381511,0.0038696489060304345,0.02873377313970829,1
MAR,0.2,1,mice,income_ratio,-0.06978859304855475,0.027551429748450207,-0.12521528565361897,-0.014361900443490526,-0.05343704488580892,-0.01635154816274583,0.11085338521012844,1
MAR,0.2,1,mice,sexFemale,-0.13291123279733819,0.07911501725440795,-0.28998749960682857,0.02416503401215217,-0.09307566573776974,-0.03983556705956845,0.31415253361898077,1
MAR,0.2,1,mice,smoking_statusYes,-0.06699227702208531,0.08449782284947718,-0.23548471129406878,0.10150015724989815,-0.022120133000263893,-0.044872144021821415,0.3369848685439669,1
MAR,0.2,1,mice,systolic_bp,0.0015331963138762689,0.0025210755333213725,-0.0035350280031807894,0.006601420630933327,0.0020175183065907756,-4.8432199271450675e-4,0.010136448634114116,1
MAR,0.2,2,mice,(Intercept),3.9909096681641207,0.2776367890102606,3.444046595561682,4.53777274076656,4.0349672958498015,-0.04405762768568078,1.0937261452048777,1
MAR,0.2,2,mice,age,0.018349379367247586,0.0023960304526547582,0.013624882038413107,0.023073876696082064,0.01753512986073419,8.142495065133967e-4,0.009448994657668956,1
MAR,0.2,2,mice,bmi,0.03410902592044087,0.005233580197236711,0.0238110273680082,0.04440702447287354,0.02897241650381511,0.005136609416625762,0.020595997104865343,1
MAR,0.2,2,mice,income_ratio,-0.07495840309579167,0.026525978524180288,-0.12811920119220513,-0.02179760499937821,-0.05343704488580892,-0.02152135820998275,0.10632159619282691,1
MAR,0.2,2,mice,sexFemale,-0.16146929829394918,0.07509896860552223,-0.30991966281894245,-0.013018933768955882,-0.09307566573776974,-0.06839363255617945,0.29690072904998654,1
MAR,0.2,2,mice,smoking_statusYes,-0.05048116402699344,0.08484464912730247,-0.22054724486709895,0.11958491681311209,-0.022120133000263893,-0.028361031026729544,0.34013216168021104,1
MAR,0.2,2,mice,systolic_bp,0.0018063473280025195,0.002109008898463906,-0.0023418119172321267,0.005954506573237166,0.0020175183065907756,-2.111709785882561e-4,0.008296318490469292,1
MAR,0.2,3,mice,(Intercept),4.454914073441035,0.3128586005308608,3.828625872702645,5.081202274179425,4.0349672958498015,0.41994677759123356,1.2525764014767802,1
MAR,0.2,3,mice,age,0.017999289473585325,0.0029470675055429797,0.012014048261627861,0.02398453068554279,0.01753512986073419,4.641596128511366e-4,0.011970482423914929,1
MAR,0.2,3,mice,bmi,0.03281140782430202,0.004958299994349019,0.023057625620109923,0.042565190028494126,0.02897241650381511,0.0038389913204869147,0.019507564408384203,1
MAR,0.2,3,mice,income_ratio,-0.09908368745921273,0.0228453376136589,-0.1440345306350443,-0.05413284428338116,-0.05343704488580892,-0.045646642573403805,0.08990168635166312,0
MAR,0.2,3,mice,sexFemale,-0.22610372410139296,0.07643179072805918,-0.3772374617258477,-0.07496998647693817,-0.09307566573776974,-0.13302805836362322,0.3022674752489095,1
MAR,0.2,3,mice,smoking_statusYes,-0.13495925724740093,0.08203525478831937,-0.2980427637493093,0.02812424925450746,-0.022120133000263893,-0.11283912424713705,0.3261670130038168,1
MAR,0.2,3,mice,systolic_bp,-4.3984331145081315e-4,0.002585746115532661,-0.00567211723823244,0.004792430615330813,0.0020175183065907756,-0.0024573616180415887,0.010464547853563252,1
MAR,0.2,4,mice,(Intercept),4.113010266712687,0.279437198753074,3.5612842802973317,4.664736253128042,4.0349672958498015,0.07804297086288514,1.10345197283071,1
MAR,0.2,4,mice,age,0.0164535859280692,0.0024957835919349122,0.011521794127581109,0.021385377728557295,0.01753512986073419,-0.0010815439326649877,0.009863583600976186,1
MAR,0.2,4,mice,bmi,0.025672716811017317,0.007367188542043347,0.010335346154365984,0.041010087467668654,0.02897241650381511,-0.003299699692797791,0.03067474131330267,1
MAR,0.2,4,mice,income_ratio,-0.06136737176545222,0.026475543068892913,-0.11426470146175102,-0.008470042069153416,-0.05343704488580892,-0.007930326879643297,0.1057946593925976,1
MAR,0.2,4,mice,sexFemale,-0.08764538450733671,0.08883643974997052,-0.26746462071134053,0.0921738516966671,-0.09307566573776974,0.005430281230433029,0.3596384724080076,1
MAR,0.2,4,mice,smoking_statusYes,-0.1046380097793142,0.08884997365621301,-0.28375053470594036,0.07447451514731196,-0.022120133000263893,-0.08251787677905031,0.3582250498532523,1
MAR,0.2,4,mice,systolic_bp,0.0031691100421449075,0.0024000397380539895,-0.0016360040818697904,0.007974224166159605,0.0020175183065907756,0.001151591735554132,0.009610228248029396,1
MAR,0.2,5,mice,(Intercept),4.021023347821133,0.2794688557051271,3.4685716575923338,4.573475038049933,4.0349672958498015,-0.013943948028668274,1.1049033804575994,1
MAR,0.2,5,mice,age,0.016179544280561006,0.002307594757551874,0.011632633797081082,0.02072645476404093,0.01753512986073419,-0.0013555855801731832,0.009093820966959848,1
MAR,0.2,5,mice,bmi,0.03349063971881443,0.005390694702952772,0.02278527814071514,0.044196001296913714,0.02897241650381511,0.004518223214999319,0.021410723156198574,1
MAR,0.2,5,mice,income_ratio,-0.08392850001475348,0.022089546813228358,-0.12729999981976012,-0.04055700020974684,-0.05343704488580892,-0.030491455128944557,0.08674299961001328,1
MAR,0.2,5,mice,sexFemale,-0.14882055114216144,0.08104570276391317,-0.310504682302528,0.01286358001820509,-0.09307566573776974,-0.05574488540439171,0.32336826232073307,1
MAR,0.2,5,mice,smoking_statusYes,-0.14122964537610644,0.0751466175460386,-0.28930740672718536,0.00684811597497248,-0.022120133000263893,-0.11910951237584255,0.29615552270215784,1
MAR,0.2,5,mice,systolic_bp,0.002977527312402657,0.0020348345668061898,-0.0010290690046317222,0.0069841236294370355,0.0020175183065907756,9.600090058118813e-4,0.008013192634068758,1
MAR,0.2,6,mice,(Intercept),4.216014388268572,0.27753013864895176,3.6691604637080553,4.762868312829089,4.0349672958498015,0.18104709241877082,1.0937078491210337,1
MAR,0.2,6,mice,age,0.01514757719994884,0.002516683973477494,0.01015108028824492,0.020144074111652758,0.01753512986073419,-0.0023875526607853494,0.009992993823407837,1
MAR,0.2,6,mice,bmi,0.021198775585231432,0.00657765706039403,0.007796455278656413,0.034601095891806453,0.02897241650381511,-0.007773640918583676,0.026804640613150042,1
MAR,0.2,6,mice,income_ratio,-0.07006542917906877,0.025321739493436652,-0.12040916418505486,-0.019721694173082685,-0.05343704488580892,-0.01662838429325985,0.10068747001197217,1
MAR,0.2,6,mice,sexFemale,-0.14675488285482782,0.07774814796031455,-0.30084890062670344,0.007339134917047796,-0.09307566573776974,-0.05367921711705809,0.30818803554375124,1
MAR,0.2,6,mice,smoking_statusYes,-0.06638839001629541,0.07803615153567288,-0.22057850723886663,0.08780172720627578,-0.022120133000263893,-0.04426825701603152,0.3083802344451424,1
MAR,0.2,6,mice,systolic_bp,0.004139045143094682,0.0023791231752349935,-6.391754480397013e-4,0.008917265734229065,0.0020175183065907756,0.0021215268365039064,0.009556441182268767,1
MAR,0.2,7,mice,(Intercept),4.1305515660977905,0.3009178654600316,3.533719501625423,4.7273836305701575,4.0349672958498015,0.09558427024798899,1.1936641289447345,1
MAR,0.2,7,mice,age,0.01720162707524387,0.002789602847176814,0.011605566616702376,0.022797687533785367,0.01753512986073419,-3.3350278549031803e-4,0.011192120917082991,1
MAR,0.2,7,mice,bmi,0.02411074999615132,0.007021891765942531,0.009675201701358166,0.03854629829094447,0.02897241650381511,-0.00486166650766379,0.028871096589586302,1
MAR,0.2,7,mice,income_ratio,-0.07071824102971055,0.023275286288575538,-0.11654940212306444,-0.024887079936356672,-0.05343704488580892,-0.017281196143901632,0.09166232218670778,1
MAR,0.2,7,mice,sexFemale,-0.09263683977650705,0.07847654093810867,-0.24857779806671906,0.06330411851370496,-0.09307566573776974,4.3882596126268436e-4,0.311881916580424,1
MAR,0.2,7,mice,smoking_statusYes,-0.11291133350285205,0.07447560860887523,-0.2595942934632799,0.033771626457575796,-0.022120133000263893,-0.09079120050258815,0.2933659199208557,1
MAR,0.2,7,mice,systolic_bp,0.00323980485544525,0.0031076041141855346,-0.003222879863198952,0.009702489574089451,0.0020175183065907756,0.0012222865488544744,0.012925369437288402,1
MAR,0.2,8,mice,(Intercept),4.271722117626776,0.27820830728138346,3.720922571989806,4.822521663263746,4.0349672958498015,0.23675482177697482,1.1015990912739402,1
MAR,0.2,8,mice,age,0.01630739138039266,0.002526543941376045,0.01130428188908705,0.02131050087169827,0.01753512986073419,-0.0012277384803415295,0.010006218982611219,1
MAR,0.2,8,mice,bmi,0.026944782970772845,0.005207469560876071,0.016674948516660633,0.037214617424885056,0.02897241650381511,-0.002027633533042264,0.020539668908224423,1
MAR,0.2,8,mice,income_ratio,-0.0761551883389769,0.0224784354287755,-0.12031790843948027,-0.03199246823847353,-0.05343704488580892,-0.02271814345316798,0.08832544020100674,1
MAR,0.2,8,mice,sexFemale,-0.13903631056037352,0.08808984332727068,-0.3174492113513925,0.039376590230645464,-0.09307566573776974,-0.045960644822603786,0.3568258015820379,1
MAR,0.2,8,mice,smoking_statusYes,-0.05254711833943766,0.07616242654103687,-0.2028334682410361,0.09773923156216079,-0.022120133000263893,-0.03042698533917377,0.3005726998031969,1
MAR,0.2,8,mice,systolic_bp,0.001859941458467275,0.0023099269046063975,-0.0027719078646479987,0.006491790781582549,0.0020175183065907756,-1.5757684812350067e-4,0.009263698646230547,1
MAR,0.3,1,mice,(Intercept),3.9954424163280664,0.33869544050530104,3.310574837240977,4.680309995415156,4.0349672958498015,-0.03952487952173511,1.369735158174179,1
MAR,0.3,1,mice,age,0.01453261300334088,0.002774315933413416,0.008978965388538686,0.020086260618143073,0.01753512986073419,-0.0030025168573933093,0.011107295229604387,1
MAR,0.3,1,mice,bmi,0.022767877490542238,0.0068563504809957985,0.008697536678742733,0.03683821830234174,0.02897241650381511,-0.006204539013272871,0.028140681623599006,1
MAR,0.3,1,mice,income_ratio,-0.0600505988212071,0.026124355474024426,-0.11213574246760244,-0.007965455174811752,-0.05343704488580892,-0.006613553935398177,0.10417028729279068,1
MAR,0.3,1,mice,sexFemale,-0.134878662828384,0.08311297413158367,-0.3010427799789475,0.031285454322179496,-0.09307566573776974,-0.041802997090614274,0.332328234301127,1
MAR,0.3,1,mice,smoking_statusYes,-0.05923878269641595,0.11122273390566975,-0.29250618878856977,0.17402862339573785,-0.022120133000263893,-0.037118649696152056,0.4665348121843076,1
MAR,0.3,1,mice,systolic_bp,0.005682433261740738,0.0024093328722500536,8.454345112436142e-4,0.010519432012237862,0.0020175183065907756,0.0036649149551499626,0.009673997500994248,1
MAR,0.3,2,mice,(Intercept),4.382545707527445,0.31385202080990554,3.751178953669985,5.013912461384905,4.0349672958498015,0.3475784116776435,1.2627335077149198,1
MAR,0.3,2,mice,age,0.0207233905397509,0.002784830536475431,0.015093782315380791,0.026352998764121012,0.01753512986073419,0.0031882606790167127,0.011259216448740221,1
MAR,0.3,2,mice,bmi,0.03553092245881624,0.005736718939187818,0.02413160664400032,0.04693023827363216,0.02897241650381511,0.006558505955001133,0.022798631629631836,1
MAR,0.3,2,mice,income_ratio,-0.11220109740405669,0.024842517105013603,-0.16165629945323623,-0.06274589535487715,-0.05343704488580892,-0.05876405251824777,0.09891040409835908,0
MAR,0.3,2,mice,sexFemale,-0.15744731733444112,0.07752666201872867,-0.3114787225159657,-0.0034159121529165337,-0.09307566573776974,-0.06437165159667138,0.30806281036304917,1
MAR,0.3,2,mice,smoking_statusYes,-0.16618128682919694,0.08727077968627592,-0.3425837104776689,0.010221136819275028,-0.022120133000263893,-0.14406115382893306,0.35280484729694395,1
MAR,0.3,2,mice,systolic_bp,-0.0013156882925731885,0.0024844585019834003,-0.0063699590056918295,0.0037385824205454525,0.0020175183065907756,-0.003333206599163964,0.010108541426237282,1
MAR,0.3,3,mice,(Intercept),4.1032904268852795,0.31541362908254533,3.469430710824489,4.73715014294607,4.0349672958498015,0.06832313103547794,1.2677194321215808,1
MAR,0.3,3,mice,age,0.017740530587229717,0.003029072366378266,0.011554683497017371,0.023926377677442063,0.01753512986073419,2.0540072649552835e-4,0.012371694180424692,1
MAR,0.3,3,mice,bmi,0.030425462492495572,0.0056301142254298175,0.01920966576427604,0.041641259220715106,0.02897241650381511,0.001453045988680464,0.022431593456439067,1
MAR,0.3,3,mice,income_ratio,-0.06752687339986489,0.023370636649873728,-0.11354250862325056,-0.021511238176479222,-0.05343704488580892,-0.01408982851405597,0.09203127044677134,1
MAR,0.3,3,mice,sexFemale,-0.0994595650944701,0.07615047698529992,-0.2501846793761258,0.05126554918718562,-0.09307566573776974,-0.006383899356700362,0.30145022856331144,1
MAR,0.3,3,mice,smoking_statusYes,-0.06456385838651572,0.09406875116751875,-0.2565741847857606,0.12744646801272913,-0.022120133000263893,-0.04244372538625183,0.38402065279848974,1
MAR,0.3,3,mice,systolic_bp,0.001795528709704295,0.003057411502930535,-0.004620213737906482,0.008211271157315072,0.0020175183065907756,-2.219895968864807e-4,0.012831484895221554,1
MAR,0.3,4,mice,(Intercept),4.202871858327514,0.2993565284552461,3.6063346967332706,4.799409019921757,4.0349672958498015,0.16790456247771246,1.1930743231884868,1
MAR,0.3,4,mice,age,0.015692446029421582,0.0027143064696751426,0.010237122108227047,0.021147769950616117,0.01753512986073419,-0.0018426838313126068,0.01091064784238907,1
MAR,0.3,4,mice,bmi,0.02737595156412958,0.006994860897236185,0.013059418368117743,0.04169248476014142,0.02897241650381511,-0.0015964649396855296,0.028633066392023676,1
MAR,0.3,4,mice,income_ratio,-0.08224230079092816,0.026776729886365782,-0.1359675447156529,-0.02851705686620342,-0.05343704488580892,-0.02880525590511924,0.10745048784944947,1
MAR,0.3,4,mice,sexFemale,-0.16198590481598654,0.0930719663547795,-0.3520055259156493,0.028033716283676235,-0.09307566573776974,-0.0689102390782168,0.38003924219932556,1
MAR,0.3,4,mice,smoking_statusYes,-0.15315618460294583,0.09288889452588255,-0.34146994517236334,0.03515757596647168,-0.022120133000263893,-0.13103605160268195,0.376627521138835,1
MAR,0.3,4,mice,systolic_bp,0.0033571190135159015,0.002524437018912802,-0.0017674758613932424,0.008481713888425045,0.0020175183065907756,0.001339600706925126,0.010249189749818288,1
MAR,0.3,5,mice,(Intercept),4.0526704043206205,0.33685313656185517,3.373946645200556,4.731394163440685,4.0349672958498015,0.017703108470819018,1.3574475182401287,1
MAR,0.3,5,mice,age,0.01781384273536158,0.0028294285969469027,0.012095130014004607,0.023532555456718555,0.01753512986073419,2.7871287462739175e-4,0.011437425442713948,1
MAR,0.3,5,mice,bmi,0.03243352041015542,0.006016734794396407,0.020373206458055182,0.04449383436225565,0.02897241650381511,0.0034611039063403085,0.02412062790420047,1
MAR,0.3,5,mice,income_ratio,-0.05575461414314734,0.02461251188326168,-0.10453048978094867,-0.006978738505346013,-0.05343704488580892,-0.00231756925733842,0.09755175127560266,1
MAR,0.3,5,mice,sexFemale,-0.150546004725184,0.08988930012493063,-0.3328328908329813,0.0317408813826133,-0.09307566573776974,-0.05747033898741427,0.3645737722155946,1
MAR,0.3,5,mice,smoking_statusYes,-0.10632016715660733,0.08287681437516194,-0.2716697004901082,0.05902936617689353,-0.022120133000263893,-0.08420003415634345,0.3306990666670017,1
MAR,0.3,5,mice,systolic_bp,0.0017533626105490359,0.002313574594634741,-0.0028275457528822933,0.006334270973980365,0.0020175183065907756,-2.6415569604173973e-4,0.009161816726862658,1
MAR,0.3,6,mice,(Intercept),4.640577566821854,0.3048449008189421,4.035859212522356,5.245295921121352,4.0349672958498015,0.6056102709720523,1.2094367085989965,0
MAR,0.3,6,mice,age,0.01641658103440602,0.0023476142679011783,0.011804973202946625,0.021028188865865414,0.01753512986073419,-0.0011185488263281695,0.00922321566291879,1
MAR,0.3,6,mice,bmi,0.020789785592984077,0.00534874362862663,0.010198018164344002,0.03138155302162415,0.02897241650381511,-0.008182630910831032,0.021183534857280154,1
MAR,0.3,6,mice,income_ratio,-0.06661496996401885,0.02917661276916033,-0.1259542900822072,-0.007275649845830491,-0.05343704488580892,-0.013177925078209925,0.11867864023637673,1
MAR,0.3,6,mice,sexFemale,-0.08710709418404737,0.08883711929891838,-0.26635423372490935,0.09214004535681462,-0.09307566573776974,0.0059685715537223655,0.358494279081724,1
MAR,0.3,6,mice,smoking_statusYes,-0.12360084226583662,0.10062031851377368,-0.3299148077140132,0.08271312318233998,-0.022120133000263893,-0.10148070926557273,0.4126279308963532,1
MAR,0.3,6,mice,systolic_bp,3.717941854893422e-4,0.0022759003740520927,-0.004144846034211165,0.00488843440518985,0.0020175183065907756,-0.0016457241211014335,0.009033280439401015,1
MAR,0.3,7,mice,(Intercept),4.48541260493783,0.37730048626888013,3.700899990281396,5.269925219594263,4.0349672958498015,0.45044530908802827,1.5690252293128673,1
MAR,0.3,7,mice,age,0.020405882702425597,0.0033250129257681523,0.01347905827396337,0.027332707130887826,0.01753512986073419,0.0028707528416914083,0.013853648856924456,1
MAR,0.3,7,mice,bmi,0.0351682119438807,0.005829749271745227,0.023511690942914866,0.046824732944846535,0.02897241650381511,0.006195795440065592,0.02331304200193167,1
MAR,0.3,7,mice,income_ratio,-0.07762980289151729,0.02323605728741254,-0.12344052016765851,-0.031819085615376067,-0.05343704488580892,-0.024192758005708366,0.09162143455228244,1
MAR,0.3,7,mice,sexFemale,-0.058066099157990436,0.08399543476817012,-0.22681092420511328,0.11067872588913241,-0.09307566573776974,0.0350095665797793,0.3374896500942457,1
MAR,0.3,7,mice,smoking_statusYes,-0.18042255565889775,0.09413568806166264,-0.3722615052542231,0.011416393936427571,-0.022120133000263893,-0.15830242265863387,0.38367789919065065,1
MAR,0.3,7,mice,systolic_bp,-0.0031234119185670787,0.0039163945079152525,-0.011661879836222824,0.005415055999088667,0.0020175183065907756,-0.005140930225157854,0.01707693583531149,1
MAR,0.3,8,mice,(Intercept),4.119001224483478,0.3159667176197333,3.485352583377834,4.752649865589122,4.0349672958498015,0.08403392863367642,1.2672972822112882,1
MAR,0.3,8,mice,age,0.017291146375006956,0.0031257737911974605,0.010871781196480742,0.02371051155353317,0.01753512986073419,-2.4398348572723244e-4,0.012838730357052429,1
MAR,0.3,8,mice,bmi,0.03180052640302907,0.007663264301761027,0.01562688625254634,0.047974166553511804,0.02897241650381511,0.0028281098992139625,0.03234728030096547,1
MAR,0.3,8,mice,income_ratio,-0.07124566747394492,0.029192212706493782,-0.13058135040984906,-0.011909984538040784,-0.05343704488580892,-0.017808622588136,0.11867136587180827,1
MAR,0.3,8,mice,sexFemale,-0.10710682369780584,0.07707100884698952,-0.25982894197828493,0.04561529458267326,-0.09307566573776974,-0.014031157960036109,0.3054442365609582,1
MAR,0.3,8,mice,smoking_statusYes,-0.14122565238838994,0.08737150608506544,-0.31690432898883025,0.034453024212050376,-0.022120133000263893,-0.11910551938812605,0.35135735320088063,1
MAR,0.3,8,mice,systolic_bp,0.0018148611994285723,0.0036546982948721966,-0.0060162524734254826,0.009645974872282626,0.0020175183065907756,-2.0265710716220334e-4,0.01566222734570811,1
MCAR,0.1,1,mice,(Intercept),4.306936525941488,0.2590464809162733,3.797995270840077,4.815877781042899,4.0349672958498015,0.2719692300916865,1.0178825102028224,1
MCAR,0.1,1,mice,age,0.01655195855284667,0.0021628345108213793,0.012307375939079632,0.020796541166613707,0.01753512986073419,-9.83171307887519e-4,0.008489165227534075,1
MCAR,0.1,1,mice,bmi,0.02850157647739188,0.004704083280327622,0.019262498780936235,0.037740654173847525,0.02897241650381511,-4.7084002642322834e-4,0.01847815539291129,1
MCAR,0.1,1,mice,income_ratio,-0.08264567838963936,0.02413082781328808,-0.13032407413761268,-0.03496728264166604,-0.05343704488580892,-0.02920863350383044,0.09535679149594664,1
MCAR,0.1,1,mice,sexFemale,-0.15816073005737727,0.08097916506003139,-0.31967604688615275,0.003354586771398216,-0.09307566573776974,-0.06508506431960753,0.32303063365755097,1
MCAR,0.1,1,mice,smoking_statusYes,-0.14174332224708194,0.07234899976712084,-0.28392437558627237,4.3773109210848427e-4,-0.022120133000263893,-0.11962318924681806,0.28436210667838085,1
MCAR,0.1,1,mice,systolic_bp,0.0014591122265868019,0.0019892623486883533,-0.0024492778894315394,0.005367502342605143,0.0020175183065907756,-5.584060800039737e-4,0.007816780232036682,1
MCAR,0.1,2,mice,(Intercept),4.015928871268717,0.27614194941032594,3.471871529124829,4.559986213412606,4.0349672958498015,-0.01903842458108418,1.0881146842877771,1
MCAR,0.1,2,mice,age,0.01661512477610774,0.002343604820847729,0.01198736071571797,0.021242888836497508,0.01753512986073419,-9.200050846264497e-4,0.009255528120779538,1
MCAR,0.1,2,mice,bmi,0.030845032684174933,0.005310623800379942,0.020240484878938626,0.04144958048941124,0.02897241650381511,0.0018726161803598249,0.021209095610472614,1
MCAR,0.1,2,mice,income_ratio,-0.07940474284427618,0.02292762591587851,-0.12451077712488774,-0.03429870856366461,-0.05343704488580892,-0.025967697958467255,0.09021206856122313,1
MCAR,0.1,2,mice,sexFemale,-0.1335190065887959,0.0706062989443043,-0.2723420401738393,0.005304026996247491,-0.09307566573776974,-0.04044334085102616,0.2776460671700868,1
MCAR,0.1,2,mice,smoking_statusYes,-0.10625975129250034,0.0749641899032506,-0.2541279687460726,0.04160846616107186,-0.022120133000263893,-0.08413961829223646,0.2957364349071444,1
MCAR,0.1,2,mice,systolic_bp,0.002836240520547303,0.0020249391847737214,-0.00114701774105534,0.006819498782149946,0.0020175183065907756,8.187222139565274e-4,0.007966516523205286,1
MCAR,0.1,3,mice,(Intercept),4.149266416462543,0.26289859721327324,3.632748814551506,4.665784018373579,4.0349672958498015,0.11429912061274106,1.0330352038220725,1
MCAR,0.1,3,mice,age,0.01634857784945608,0.002246223828558418,0.011935413889077817,0.020761741809834346,0.01753512986073419,-0.0011865520112781074,0.008826327920756528,1
MCAR,0.1,3,mice,bmi,0.031074409970300337,0.004753232842866748,0.02173333905386675,0.040415480886733926,0.02897241650381511,0.002101993466485229,0.018682141832867177,1
MCAR,0.1,3,mice,income_ratio,-0.07643220021115615,0.022789517942239493,-0.12126339347042966,-0.03160100695188264,-0.05343704488580892,-0.02299515532534723,0.08966238651854702,1
MCAR,0.1,3,mice,sexFemale,-0.11318813171777203,0.07249151965382931,-0.25593223947161486,0.029555976036070797,-0.09307566573776974,-0.020112465980002298,0.28548821550768566,1
MCAR,0.1,3,mice,smoking_statusYes,-0.11930009002603272,0.07366299077197548,-0.2642834692457397,0.025683289193674255,-0.022120133000263893,-0.097179957025768815,0.28996675843941394,1
MCAR,0.1,3,mice,systolic_bp,0.0018506449337718374,0.0020496912401397898,-0.002183874895055281,0.005885164762598956,0.0020175183065907756,-1.6687337281893816e-4,0.008069039657654237,1
MCAR,0.1,4,mice,(Intercept),4.119226498399413,0.2577092214122095,3.6131847419977254,4.6252682548010995,4.0349672958498015,0.08425920254961117,1.012083512803374,1
MCAR,0.1,4,mice,age,0.01481266140607468,0.002278747940038826,0.010332245829910665,0.019293076982238696,0.01753512986073419,-0.0027224684546595084,0.008960831152328031,1
MCAR,0.1,4,mice,bmi,0.027659329144938814,0.0048555536930734305,0.01811159963245618,0.03720705865742145,0.02897241650381511,-0.0013130873588762942,0.01909545902496527,1
MCAR,0.1,4,mice,income_ratio,-0.07301987904895049,0.02321293661068163,-0.11869975214272036,-0.027340005955180637,-0.05343704488580892,-0.01958283416314157,0.09135974618753973,1
MCAR,0.1,4,mice,sexFemale,-0.1019423407427652,0.0709948583449561,-0.24146248540886908,0.037577803923338676,-0.09307566573776974,-0.008866675004995467,0.27904028933220776,1
MCAR,0.1,4,mice,smoking_statusYes,-0.13724119377179247,0.07361805014743837,-0.2819927296558722,0.0075103421122872105,-0.022120133000263893,-0.11512106077152859,0.28950307176815937,1
MCAR,0.1,4,mice,systolic_bp,0.0034834391368693835,0.002045804281884514,-5.404348854888951e-4,0.007507313159227662,0.0020175183065907756,0.001465920830278608,0.008047748044716557,1
MCAR,0.1,5,mice,(Intercept),3.8942783304636475,0.26925277909346745,3.364254470832365,4.42430219009493,4.0349672958498015,-0.14068896538615405,1.060047719262565,1
MCAR,0.1,5,mice,age,0.014268169722504803,0.002228051949947438,0.009890322150356252,0.018646017294653355,0.01753512986073419,-0.0032669601382293856,0.008755695144297103,1
MCAR,0.1,5,mice,bmi,0.029452916844846626,0.005571256167925234,0.01832127815287174,0.04058455553682151,0.02897241650381511,4.805003410315173e-4,0.022263277383949773,1
MCAR,0.1,5,mice,income_ratio,-0.07762249881045805,0.02296628608544288,-0.12277627566508671,-0.03246872195582938,-0.05343704488580892,-0.024185453924649124,0.09030755370925733,1
MCAR,0.1,5,mice,sexFemale,-0.1389128389800752,0.07047038866452596,-0.2773660936912737,-4.5958426887671155e-4,-0.09307566573776974,-0.04583717324230546,0.276906509422397,1
MCAR,0.1,5,mice,smoking_statusYes,-0.09210838955602553,0.07648686907197652,-0.24314362020918395,0.05892684109713288,-0.022120133000263893,-0.06998825655576163,0.3020704613063168,1
MCAR,0.1,5,mice,systolic_bp,0.00512117056823914,0.0020160346602372536,0.0011575582142764702,0.009084782922201811,0.0020175183065907756,0.0031036522616483646,0.00792722470792534,1
MCAR,0.1,6,mice,(Intercept),3.8271476486339564,0.26876093885721003,3.2994235679385353,4.3548717293293775,4.0349672958498015,-0.20781964721584512,1.0554481613908422,1
MCAR,0.1,6,mice,age,0.013795218948805288,0.0021818491580621307,0.009511862793206306,0.01807857510440427,0.01753512986073419,-0.0037399109119289013,0.008566712311197964,1
MCAR,0.1,6,mice,bmi,0.029979432345862336,0.004935437472850141,0.02028431481710015,0.03967454987462452,0.02897241650381511,0.001007015842047227,0.019390235057524373,1
MCAR,0.1,6,mice,income_ratio,-0.061282543888136205,0.022260857606014806,-0.10497985657446482,-0.01758523120180759,-0.05343704488580892,-0.007845499002327283,0.08739462537265723,1
MCAR,0.1,6,mice,sexFemale,-0.11902039125919263,0.07129611893704794,-0.2591352058388753,0.02109442332049004,-0.09307566573776974,-0.025944725521422893,0.28022962915936533,1
MCAR,0.1,6,mice,smoking_statusYes,-0.029558044771496407,0.07178342070556695,-0.17052018660052964,0.11140409705753684,-0.022120133000263893,-0.007437911771232514,0.2819242836580665,1
MCAR,0.1,6,mice,systolic_bp,0.005084938366368191,0.001966159550243801,0.0012260734693355113,0.00894380326340087,0.0020175183065907756,0.003067420059777415,0.00771772979406536,1
MCAR,0.1,7,mice,(Intercept),4.242580592673347,0.2799286387832967,3.690079523527865,4.795081661818829,4.0349672958498015,0.20761329682354557,1.1050021382909638,1
MCAR,0.1,7,mice,age,0.01614995988344621,0.0023345277613898985,0.011548956181605707,0.020750963585286712,0.01753512986073419,-0.0013851699772879783,0.009202007403681005,1
MCAR,0.1,7,mice,bmi,0.02967702325360052,0.00508961258426876,0.01962441179322734,0.0397296347139737,0.02897241650381511,7.046067497854108e-4,0.02010522292074636,1
MCAR,0.1,7,mice,income_ratio,-0.07999624634502928,0.0225139327670116,-0.12422655702523214,-0.035765935664826415,-0.05343704488580892,-0.026559201459220354,0.08846062136040572,1
MCAR,0.1,7,mice,sexFemale,-0.14846752744677819,0.0717155510035975,-0.28941761971922864,-0.007517435174327736,-0.09307566573776974,-0.05539186170900845,0.2819001845449009,1
MCAR,0.1,7,mice,smoking_statusYes,-0.07128827641875758,0.0719940236264207,-0.2126876945492664,0.07011114171175124,-0.022120133000263893,-0.04916814341849369,0.28279883626101765,1
MCAR,0.1,7,mice,systolic_bp,0.0015693872491289666,0.002140371375223701,-0.0026617716749368203,0.005800546173194754,0.0020175183065907756,-4.48131057461809e-4,0.008462317848131574,1
MCAR,0.1,8,mice,(Intercept),4.0590360763560485,0.2657784054655608,3.536458637959824,4.581613514752273,4.0349672958498015,0.024068780506246945,1.0451548767924486,1
MCAR,0.1,8,mice,age,0.01570514597173792,0.0022924627264967823,0.011192965202489507,0.020217326740986332,0.01753512986073419,-0.0018299838889962693,0.009024361538496825,1
MCAR,0.1,8,mice,bmi,0.026160045425903524,0.004774132366640651,0.016775486153007432,0.035544604698799616,0.02897241650381511,-0.0028123710779115844,0.018769118545792184,1
MCAR,0.1,8,mice,income_ratio,-0.06358428231073833,0.022449631242627905,-0.10766073389362746,-0.0195078307278492,-0.05343704488580892,-0.010147237424929408,0.08815290316577826,1
MCAR,0.1,8,mice,sexFemale,-0.10371176150081693,0.06999912709071494,-0.24120323382040482,0.03377971081877096,-0.09307566573776974,-0.010636095763047193,0.2749829446391758,1
MCAR,0.1,8,mice,smoking_statusYes,-0.018313749113807766,0.071888342776994,-0.15954457334037878,0.12291707511276326,-0.022120133000263893,0.0038063838864561272,0.28246164845314203,1
MCAR,0.1,8,mice,systolic_bp,0.0033175731023078053,0.0021078613669767176,-8.359644364029448e-4,0.0074711106410185555,0.0020175183065907756,0.0013000547957170297,0.0083070750774215,1
MCAR,0.2,1,mice,(Intercept),4.15719453661903,0.27138140081400475,3.6229165224136892,4.69147255082437,4.0349672958498015,0.1222272407692282,1.068556028410681,1
MCAR,0.2,1,mice,age,0.014878019740824344,0.0024724471227181694,0.009982657788553909,0.01977338169309478,0.01753512986073419,-0.002657110119909845,0.00979072390454087,1
MCAR,0.2,1,mice,bmi,0.027204959529497273,0.0053420442620945256,0.01656501025993576,0.03784490879905879,0.02897241650381511,-0.0017674569743178353,0.02127989853912303,1
MCAR,0.2,1,mice,income_ratio,-0.07367240027664562,0.023506632695467856,-0.1199767155030214,-0.027368085050269844,-0.05343704488580892,-0.0202353553908367,0.09260863045275156,1
MCAR,0.2,1,mice,sexFemale,-0.09809205206332895,0.07527735755181805,-0.2467151964801531,0.05053109235349522,-0.09307566573776974,-0.005016386325559216,0.29724628883364834,1
MCAR,0.2,1,mice,smoking_statusYes,-0.0986428298860219,0.0855964389867024,-0.27003455794984615,0.07274889817780235,-0.022120133000263893,-0.076522696885758,0.3427834561276485,1
MCAR,0.2,1,mice,systolic_bp,0.0030601078032590485,0.0023244511350442743,-0.0015761821181092144,0.007696397724627312,0.0020175183065907756,0.001042589496668273,0.009272579842736526,1
MCAR,0.2,2,mice,(Intercept),4.028883387709232,0.27975758404411594,3.476799727944497,4.580967047473967,4.0349672958498015,-0.00608390814056925,1.1041673195294703,1
MCAR,0.2,2,mice,age,0.013820586856544387,0.0024291592118595457,0.00901198484493402,0.018629188868154754,0.01753512986073419,-0.003714543004189802,0.009617204023220735,1
MCAR,0.2,2,mice,bmi,0.02343362985029135,0.005383494502815904,0.012774924337672876,0.03409233536290982,0.02897241650381511,-0.00553878665352376,0.021317411025236946,1
MCAR,0.2,2,mice,income_ratio,-0.06226618114217186,0.024604375903547287,-0.11089178320732006,-0.013640579077023665,-0.05343704488580892,-0.00882913625636294,0.09725120413029639,1
MCAR,0.2,2,mice,sexFemale,-0.1385981685752735,0.07752668094302458,-0.29224589822691793,0.015049561076370982,-0.09307566573776974,-0.04552250283750375,0.30729545930328894,1
MCAR,0.2,2,mice,smoking_statusYes,-0.09805523900114875,0.07939193619049909,-0.2554323254748741,0.059321847472576586,-0.022120133000263893,-0.07593510600088485,0.31475417294745067,1
MCAR,0.2,2,mice,systolic_bp,0.00540833382382861,0.0021915984304588902,0.0010781732844895586,0.009738494363167661,0.0020175183065907756,0.0033908155172378343,0.008660321078678103,1
MCAR,0.2,3,mice,(Intercept),3.752776034119762,0.31709213649384815,3.1165855194357324,4.388966548803792,4.0349672958498015,-0.2821912617300395,1.2723810293680593,1
MCAR,0.2,3,mice,age,0.012520040385187527,0.002223688965726667,0.008152834637125623,0.016887246133249434,0.01753512986073419,-0.005015089475546661,0.008734411496123811,0
MCAR,0.2,3,mice,bmi,0.03158743842270346,0.005491531735893155,0.020645072262568932,0.042529804582837984,0.02897241650381511,0.0026150219188883495,0.02188473232026905,1
MCAR,0.2,3,mice,income_ratio,-0.05687794233552638,0.02940320984322175,-0.11682912596885106,0.0030732412977982973,-0.05343704488580892,-0.003440897449717456,0.11990236726664935,1
MCAR,0.2,3,mice,sexFemale,-0.06438095327259265,0.09170058561989938,-0.251236381129386,0.12247447458420073,-0.09307566573776974,0.02869471246517709,0.37371085571358675,1
MCAR,0.2,3,mice,smoking_statusYes,-0.007457721294692488,0.07144449774386952,-0.14777401466762108,0.1328585720782361,-0.022120133000263893,0.014662411705571405,0.28063258674585717,1
MCAR,0.2,3,mice,systolic_bp,0.005435395989768565,0.0023726285658741894,7.055190688414394e-4,0.01016527291069569,0.0020175183065907756,0.0034178776831777892,0.00945975384185425,1
MCAR,0.2,4,mice,(Intercept),4.219263328594594,0.3089585671369391,3.600940858825668,4.83758579836352,4.0349672958498015,0.18429603274479245,1.236644939537852,1
MCAR,0.2,4,mice,age,0.01665992119438678,0.0023325794707780845,0.012061793274658342,0.021258049114115215,0.01753512986073419,-8.752086663474101e-4,0.009196255839456872,1
MCAR,0.2,4,mice,bmi,0.029304232372773284,0.005750649433299272,0.01773477834105243,0.04087368640449414,0.02897241650381511,3.3181586895817544e-4,0.02313890806344171,1
MCAR,0.2,4,mice,income_ratio,-0.07315672693791832,0.02257238035603857,-0.11755588715186666,-0.028757566723969986,-0.05343704488580892,-0.019719682052109395,0.08879832042789668,1
MCAR,0.2,4,mice,sexFemale,-0.11990696636000268,0.07721654193772293,-0.27291422021177364,0.03310028749176826,-0.09307566573776974,-0.026831300622232948,0.3060145077035419,1
MCAR,0.2,4,mice,smoking_statusYes,-0.10596225304217964,0.07327834630707473,-0.25012697309402565,0.03820246700966638,-0.022120133000263893,-0.08384212004191574,0.28832944010369205,1
MCAR,0.2,4,mice,systolic_bp,0.0013932770562135074,0.0022796341314099957,-0.003153932085203794,0.005940486197630809,0.0020175183065907756,-6.242412503772682e-4,0.009094418282834603,1
MCAR,0.2,5,mice,(Intercept),4.226576800309287,0.289923482198256,3.6557285161154525,4.797425084503121,4.0349672958498015,0.19160950445948544,1.141696568387669,1
MCAR,0.2,5,mice,age,0.016642098004781367,0.002390245830021298,0.01193058750229781,0.021353608507264924,0.01753512986073419,-8.930318559528215e-4,0.009423021004967114,1
MCAR,0.2,5,mice,bmi,0.028911270617190094,0.0052592075747770976,0.01850687872302209,0.039315662511358096,0.02897241650381511,-6.114588662501502e-5,0.020808783788336005,1
MCAR,0.2,5,mice,income_ratio,-0.0693439841080208,0.025990481115611364,-0.12111098057493322,-0.01757698764110837,-0.05343704488580892,-0.015906939222211876,0.10353399293382484,1
MCAR,0.2,5,mice,sexFemale,-0.08664318304221531,0.07676039973802999,-0.23844659698351,0.06516023089907937,-0.09307566573776974,0.006432482695554423,0.30360682788258936,1
MCAR,0.2,5,mice,smoking_statusYes,-0.1241527855166863,0.07861591624746125,-0.2794878197146024,0.031182248681229777,-0.022120133000263893,-0.1020326525164224,0.31067006839583217,1
MCAR,0.2,5,mice,systolic_bp,0.0014509690825955262,0.0022337052119309874,-0.0029526547844028824,0.005854592949593935,0.0020175183065907756,-5.665492239952494e-4,0.008807247733996817,1
MCAR,0.2,6,mice,(Intercept),4.436266462583216,0.2888890435926291,3.864610959976874,5.007921965189558,4.0349672958498015,0.4012991667334145,1.1433110052126843,1
MCAR,0.2,6,mice,age,0.017368207509968023,0.002356588387170906,0.012718023503136416,0.02201839151679963,0.01753512986073419,-1.6692235076616602e-4,0.009300368013663213,1
MCAR,0.2,6,mice,bmi,0.02361273952425621,0.005562018378263187,0.012494011633534047,0.03473146741497837,0.02897241650381511,-0.0053596769795589,0.022237455781444326,1
MCAR,0.2,6,mice,income_ratio,-0.09220477528277171,0.022779658521514944,-0.1369699539094384,-0.04743959665610502,-0.05343704488580892,-0.03876773039696279,0.08953035725333337,1
MCAR,0.2,6,mice,sexFemale,-0.20637527432017339,0.07340607490349754,-0.350939596546621,-0.06181095209372575,-0.09307566573776974,-0.11329960858240365,0.2891286444528952,1
MCAR,0.2,6,mice,smoking_statusYes,-0.16414134316203702,0.07294291359600089,-0.3075505669000291,-0.02073211942404496,-0.022120133000263893,-0.14202121016177313,0.2868184474759841,1
MCAR,0.2,6,mice,systolic_bp,0.0017499735239417471,0.0019400797363924949,-0.0020587955570782043,0.005558742604961699,0.0020175183065907756,-2.6754478264902847e-4,0.007617538162039903,1
MCAR,0.2,7,mice,(Intercept),4.092265334030778,0.29236528385865995,3.5127347334109977,4.671795934650559,4.0349672958498015,0.057298038180976896,1.1590612012395614,1
MCAR,0.2,7,mice,age,0.015112648010679115,0.002576745692869629,0.009974760674165676,0.020250535347192553,0.01753512986073419,-0.002422481850055074,0.010275774673026877,1
MCAR,0.2,7,mice,bmi,0.026476411206842645,0.005642172015916283,0.015159014200575598,0.037793808213109695,0.02897241650381511,-0.002496005296972463,0.0226347940125341,1
MCAR,0.2,7,mice,income_ratio,-0.055240060383786635,0.031900102373366504,-0.12110641735413434,0.010626296586561071,-0.05343704488580892,-0.0018030154979777127,0.1317327139406954,1
MCAR,0.2,7,mice,sexFemale,-0.12483785569352147,0.07912563081319769,-0.28204636985213766,0.032370658465094695,-0.09307566573776974,-0.03176218995575174,0.31441702831723234,1
MCAR,0.2,7,mice,smoking_statusYes,-0.07996619706735032,0.08468248472373972,-0.24934867059328542,0.08941627645858478,-0.022120133000263893,-0.05784606406708643,0.3387649470518702,1
MCAR,0.2,7,mice,systolic_bp,0.0032759730997790294,0.0021268441052850703,-9.3187382950313e-4,0.007483820029061189,0.0020175183065907756,0.0012584547931882538,0.008415693858564319,1
MCAR,0.2,8,mice,(Intercept),4.148248207068786,0.2688183773872932,3.619251229993673,4.6772451841438984,4.0349672958498015,0.11328091121898431,1.0579939541502252,1
MCAR,0.2,8,mice,age,0.014820066473020149,0.002454626959897217,0.009964047108321905,0.01967608583771839,0.01753512986073419,-0.00271506338771404,0.009712038729396485,1
MCAR,0.2,8,mice,bmi,0.023320691249650197,0.005096940811689755,0.013256144277876265,0.03338523822142413,0.02897241650381511,-0.005651725254164911,0.020129093943547862,1
MCAR,0.2,8,mice,income_ratio,-0.05193404221234633,0.025900377839475745,-0.10344386459522067,-4.2421982947197373e-4,-0.05343704488580892,0.0015030026734625945,0.10301964476574871,1
MCAR,0.2,8,mice,sexFemale,-0.11414357902952404,0.07350691806713003,-0.25897413077707454,0.03068697271802645,-0.09307566573776974,-0.02106791329175431,0.289661103495101,1
MCAR,0.2,8,mice,smoking_statusYes,-0.0334387349403538,0.08057362803822293,-0.1933111630463078,0.12643369316560021,-0.022120133000263893,-0.011318601940089906,0.319744856211908,1
MCAR,0.2,8,mice,systolic_bp,0.0035230288911157186,0.0021513420649255537,-7.31434388478191e-4,0.007777492170709628,0.0020175183065907756,0.001505510584524943,0.00850892655918782,1
MCAR,0.3,1,mice,(Intercept),4.253486588041464,0.3043288845572994,3.647550649571655,4.859422526511273,4.0349672958498015,0.21851929219166255,1.2118718769396182,1
MCAR,0.3,1,mice,age,0.014194370697238046,0.0025883940560985255,0.009040553678731992,0.0193481877157441,0.01753512986073419,-0.0033407591634961424,0.010307634037012106,1
MCAR,0.3,1,mice,bmi,0.028142124818217623,0.006084470094770067,0.015850659932175146,0.0404335897042601,0.02897241650381511,-8.302916855974854e-4,0.024582929772084955,1
MCAR,0.3,1,mice,income_ratio,-0.07427332298753525,0.024437512120902814,-0.12255921684780374,-0.025987429127266766,-0.05343704488580892,-0.02083627810172633,0.09657178772053698,1
MCAR,0.3,1,mice,sexFemale,-0.1784178713448904,0.09634610456932685,-0.3763432319143336,0.01950748922455281,-0.09307566573776974,-0.08534220560712066,0.3958507211388864,1
MCAR,0.3,1,mice,smoking_statusYes,-0.024162234392972617,0.09320326497954215,-0.21349864227991122,0.16517417349396601,-0.022120133000263893,-0.002042101392708724,0.37867281577387724,1
MCAR,0.3,1,mice,systolic_bp,0.0024700117301403577,0.00241225975345789,-0.002382195955310261,0.007322219415590976,0.0020175183065907756,4.524934235495821e-4,0.009704415370901238,1
MCAR,0.3,2,mice,(Intercept),4.183099226581626,0.2893023763606184,3.6086895482310806,4.7575089049321715,4.0349672958498015,0.1481319307318243,1.148819356701091,1
MCAR,0.3,2,mice,age,0.015394856655272904,0.0026545668861652394,0.010077891367740231,0.020711821942805575,0.01753512986073419,-0.002140273205461285,0.010633930575065344,1
MCAR,0.3,2,mice,bmi,0.026831495600799095,0.005339119830256781,0.016192650975622835,0.037470340225975354,0.02897241650381511,-0.0021409209030160137,0.02127768925035252,1
MCAR,0.3,2,mice,income_ratio,-0.06572541946851515,0.023356228146308097,-0.11159195544246144,-0.019858883494568866,-0.05343704488580892,-0.012288374582706228,0.09173307194789257,1
MCAR,0.3,2,mice,sexFemale,-0.07794773061901816,0.07916710630867443,-0.23525148931811218,0.07935602808007586,-0.09307566573776974,0.015127935118751573,0.31460751739818804,1
MCAR,0.3,2,mice,smoking_statusYes,-0.03314568172333196,0.0862332777789117,-0.20573176254473918,0.13944039909807526,-0.022120133000263893,-0.011025548723068067,0.34517216164281445,1
MCAR,0.3,2,mice,systolic_bp,0.0022461221121326874,0.002320523680427297,-0.002409468010103037,0.006901712234368412,0.0020175183065907756,2.286038055419118e-4,0.009311180244471449,1
MCAR,0.3,3,mice,(Intercept),3.9463207893408216,0.31226965060996587,3.32244398799553,4.570197590686113,4.0349672958498015,-0.08864650650897987,1.2477536026905827,1
MCAR,0.3,3,mice,age,0.012733570289477393,0.0026813179574465495,0.0073643422348905726,0.018102798344064214,0.01753512986073419,-0.004801559571256796,0.010738456109173643,1
MCAR,0.3,3,mice,bmi,0.024589693836628394,0.0058104776058042155,0.012863960696295808,0.03631542697696098,0.02897241650381511,-0.004382722667186714,0.023451466280665176,1
MCAR,0.3,3,mice,income_ratio,-0.06678299247450553,0.02586600457422043,-0.11825915697404656,-0.015306827974964507,-0.05343704488580892,-0.01334594758869661,0.10295232899908205,1
MCAR,0.3,3,mice,sexFemale,-0.16143836141681622,0.07222024271842138,-0.3035510267443642,-0.019325696089268235,-0.09307566573776974,-0.06836269567904649,0.2842253306550959,1
MCAR,0.3,3,mice,smoking_statusYes,-0.1129690999885285,0.0905391883372835,-0.2960682334877437,0.07013003351068672,-0.022120133000263893,-0.09084896698826461,0.3661982669984304,1
MCAR,0.3,3,mice,systolic_bp,0.006405860429000816,0.0025777480310077367,0.0011753343456700448,0.011636386512331587,0.0020175183065907756,0.00438834212241004,0.010461052166661542,1
MCAR,0.3,4,mice,(Intercept),4.381353644475372,0.3819937048081542,3.595939056650019,5.166768232300724,4.0349672958498015,0.34638634862557005,1.570829175650705,1
MCAR,0.3,4,mice,age,0.014790326403118389,0.0029791036748878954,0.008712196685203292,0.020868456121033486,0.01753512986073419,-0.0027448034576158,0.012156259435830194,1
MCAR,0.3,4,mice,bmi,0.02682813674094081,0.006384456673208989,0.013842362368968481,0.039813911112913145,0.02897241650381511,-0.0021442797628742974,0.025971548743944663,1
MCAR,0.3,4,mice,income_ratio,-0.08879547957637271,0.023515511934928728,-0.13501696752116263,-0.04257399163158279,-0.05343704488580892,-0.03535843469056379,0.09244297588957984,1
MCAR,0.3,4,mice,sexFemale,-0.20664144355358638,0.09829822451335775,-0.4080663391316117,-0.005216547975561009,-0.09307566573776974,-0.11356577781581664,0.4028497911560507,1
MCAR,0.3,4,mice,smoking_statusYes,0.003509096183006102,0.10343871968773849,-0.21019602986209904,0.21721422222811124,-0.022120133000263893,0.025629229183269996,0.4274102520902103,1
MCAR,0.3,4,mice,systolic_bp,0.0017999983550744815,0.003309613216139521,-0.005128490225145167,0.00872848693529413,0.0020175183065907756,-2.1751995151629414e-4,0.013856977160439297,1
MCAR,0.3,5,mice,(Intercept),4.473086731674279,0.38171685778704867,3.685773403953606,5.260400059394952,4.0349672958498015,0.4381194358244773,1.574626655441346,1
MCAR,0.3,5,mice,age,0.016886078693537334,0.0029775272242747487,0.010798213732503798,0.02297394365457087,0.01753512986073419,-6.490511671968548e-4,0.012175729922067072,1
MCAR,0.3,5,mice,bmi,0.02466662952312442,0.007178024372118035,0.009718197462737724,0.03961506158351112,0.02897241650381511,-0.004305786980690687,0.029896864120773397,1
MCAR,0.3,5,mice,income_ratio,-0.07105559840006079,0.0247656238200203,-0.12015008094868376,-0.02196111585143782,-0.05343704488580892,-0.017618553514251865,0.09818896509724595,1
MCAR,0.3,5,mice,sexFemale,-0.13900622086716075,0.08842083677739214,-0.316686085389863,0.03867364365554146,-0.09307566573776974,-0.04593055512939101,0.35535972904540447,1
MCAR,0.3,5,mice,smoking_statusYes,-0.13982819966542195,0.09327503905338698,-0.3282554509094455,0.04859905157860164,-0.022120133000263893,-0.11770806666515807,0.3768545024880472,1
MCAR,0.3,5,mice,systolic_bp,6.678951756772117e-4,0.0027927426338271413,-0.005087649291283299,0.006423439642637722,0.0020175183065907756,-0.001349623130913564,0.011511088933921021,1
MCAR,0.3,6,mice,(Intercept),3.686855379521379,0.31222816170133894,3.0606620163683718,4.313048742674386,4.0349672958498015,-0.3481119163284223,1.2523867263060144,1
MCAR,0.3,6,mice,age,0.013669475578160326,0.0025400004608103826,0.00862078743138834,0.01871816372493231,0.01753512986073419,-0.0038656542825738632,0.010097376293543972,1
MCAR,0.3,6,mice,bmi,0.030758904543278388,0.004840864292768712,0.021209377712344258,0.040308431374212514,0.02897241650381511,0.0017864880394632791,0.019099053661868256,1
MCAR,0.3,6,mice,income_ratio,-0.04858180777869417,0.026104193486490748,-0.10061322291058906,0.003449607353200726,-0.05343704488580892,0.004855237107114753,0.10406283026378979,1
MCAR,0.3,6,mice,sexFemale,-0.08560553451042831,0.07439625273676373,-0.23220791613574648,0.060996847114889854,-0.09307566573776974,0.007470131227341428,0.2932047632506363,1
MCAR,0.3,6,mice,smoking_statusYes,-0.0014117479480294675,0.09088931972732019,-0.1852159355824585,0.18239243968639954,-0.022120133000263893,0.020708385052234424,0.36760837526885803,1
MCAR,0.3,6,mice,systolic_bp,0.0055487436875326255,0.0021924374787655175,0.001194347497736543,0.009903139877328708,0.0020175183065907756,0.00353122538094185,0.008708792379592165,1
MCAR,0.3,7,mice,(Intercept),4.122355783202355,0.3169312982084851,3.4877812331708706,4.756930333233839,4.0349672958498015,0.08738848735255367,1.2691491000629687,1
MCAR,0.3,7,mice,age,0.015238180398922472,0.0029813495374468543,0.0091615660483351,0.021314794749509845,0.01753512986073419,-0.002296949461811717,0.012153228701174745,1
MCAR,0.3,7,mice,bmi,0.022291445825492744,0.0055249969681694724,0.011249631671446231,0.03333325997953926,0.02897241650381511,-0.006680970678322365,0.022083628308093028,1
MCAR,0.3,7,mice,income_ratio,-0.04804927569780869,0.025630313519017782,-0.09890259647872748,0.002804045083110114,-0.05343704488580892,0.005387769188000234,0.10170664156183759,1
MCAR,0.3,7,mice,sexFemale,-0.08200418243988178,0.08158296881808345,-0.2445578799807786,0.08054951510101505,-0.09307566573776974,0.011071483297887957,0.32510739508179365,1
MCAR,0.3,7,mice,smoking_statusYes,-0.08917040126251013,0.08199703427151295,-0.25224623311989297,0.0739054305948727,-0.022120133000263893,-0.06705026826224625,0.32615166371476567,1
MCAR,0.3,7,mice,systolic_bp,0.003773361831835784,0.0026382939986927495,-0.001587487307159304,0.009134210970830873,0.0020175183065907756,0.0017558435252450085,0.010721698277990176,1
MCAR,0.3,8,mice,(Intercept),4.286489131657728,0.28288178541013403,3.7276030513431673,4.845375211972288,4.0349672958498015,0.2515218358079263,1.117772160629121,1
MCAR,0.3,8,mice,age,0.014261109336547523,0.0024384355542578337,0.009448623885380845,0.019073594787714202,0.01753512986073419,-0.0032740205241866653,0.009624970902333357,1
MCAR,0.3,8,mice,bmi,0.022275397440638982,0.005359498773195943,0.011624508426636253,0.03292628645464171,0.02897241650381511,-0.006697019063176126,0.02130177802800546,1
MCAR,0.3,8,mice,income_ratio,-0.059213226979452374,0.02663212867979641,-0.11254769115501574,-0.005878762803889007,-0.05343704488580892,-0.005776182093643452,0.10666892835112673,1
MCAR,0.3,8,mice,sexFemale,-0.1451193907268503,0.08836682832635763,-0.3236593838025772,0.03342060234887659,-0.09307566573776974,-0.05204372498908055,0.35707998615145375,1
MCAR,0.3,8,mice,smoking_statusYes,-0.02468612558310584,0.08710930918883235,-0.19936812122464395,0.14999587005843226,-0.022120133000263893,-0.002565992582841948,0.3493639912830762,1
MCAR,0.3,8,mice,systolic_bp,0.0031517736836342066,0.0021284165486234923,-0.0010474936644742864,0.0073510410317427,0.0020175183065907756,0.001134255377043431,0.008398534696216986,1
MAR,0.1,1,missforest,(Intercept),4.107476548290993,0.26421564048320084,3.5889914421722917,4.625961654409695,4.0349672958498015,0.07250925244119166,1.036970212237403,1
MAR,0.1,1,missforest,age,0.01796166124266868,0.0023059450897670152,0.013436576420342398,0.022486746064994963,0.01753512986073419,4.265313819344918e-4,0.009050169644652564,1
MAR,0.1,1,missforest,bmi,0.031306372318823245,0.004992783363152424,0.02150875470944344,0.04110398992820305,0.02897241650381511,0.002333955815008136,0.01959523521875961,1
MAR,0.1,1,missforest,income_ratio,-0.07634100191612067,0.02261375080664536,-0.12071722796119039,-0.031964775871050954,-0.05343704488580892,-0.02290395703031175,0.08875245209013943,1
MAR,0.1,1,missforest,sexFemale,-0.15426250953451554,0.06873299277863101,-0.2891410995737388,-0.01938391949529225,-0.09307566573776974,-0.0611868437967458,0.2697571800784465,1
MAR,0.1,1,missforest,smoking_statusYes,-0.04322682796852383,0.07074007299779493,-0.1820440236047466,0.09559036766769893,-0.022120133000263893,-0.02110669496825994,0.27763439127244555,1
MAR,0.1,1,missforest,systolic_bp,0.001539839864389941,0.0020453498435227227,-0.0024738643536091273,0.005553544082389009,0.0020175183065907756,-4.776784422008346e-4,0.008027408435998137,1
MAR,0.1,2,missforest,(Intercept),3.8427919052628465,0.2619245244255813,3.328802784128579,4.356781026397114,4.0349672958498015,-0.19217539058695499,1.0279782422685346,1
MAR,0.1,2,missforest,age,0.01760434801827499,0.0022776380893933788,0.013134811603551629,0.022073884432998354,0.01753512986073419,6.921815754080268e-5,0.008939072829446726,1
MAR,0.1,2,missforest,bmi,0.034635603198364805,0.005069826389610974,0.02468679975579203,0.04458440664093758,0.02897241650381511,0.005663186694549696,0.019897606885145552,1
MAR,0.1,2,missforest,income_ratio,-0.06125352031214808,0.022510033375551106,-0.10542621585020875,-0.0170808247740874,-0.05343704488580892,-0.007816475426339155,0.08834539107612135,1
MAR,0.1,2,missforest,sexFemale,-0.07223763418027586,0.06830008453670848,-0.2062667042011445,0.06179143584059281,-0.09307566573776974,0.020838031557493877,0.26805814004173734,1
MAR,0.1,2,missforest,smoking_statusYes,-0.03846847835237184,0.07006005161858746,-0.1759512300612156,0.09901427335647194,-0.022120133000263893,-0.016348345352107947,0.27496550341768755,1
MAR,0.1,2,missforest,systolic_bp,0.0023931388866523027,0.0020197754578162143,-0.0015703792861046684,0.006356657059409274,0.0020175183065907756,3.7562058006152714e-4,0.007927036345513942,1
MAR,0.1,3,missforest,(Intercept),3.9798845547647983,0.26355836033947266,3.4626892661771382,4.497079843352458,4.0349672958498015,-0.05508274108500322,1.0343905771753201,1
MAR,0.1,3,missforest,age,0.015970224304717857,0.002300624482529913,0.011455580407095729,0.020484868202339985,0.01753512986073419,-0.001564905556016332,0.009029287795244256,1
MAR,0.1,3,missforest,bmi,0.028479330948358115,0.0050087770567098355,0.018650328020962392,0.03830833387575384,0.02897241650381511,-4.930855554569936e-4,0.019658005854791445,1
MAR,0.1,3,missforest,income_ratio,-0.07767511139534661,0.022922220470695868,-0.12265666468829285,-0.032693558102400364,-0.05343704488580892,-0.024238066509537685,0.08996310658589249,1
MAR,0.1,3,missforest,sexFemale,-0.11054227097322525,0.06926562507201707,-0.24646607510595744,0.025381533159506947,-0.09307566573776974,-0.017466605235455512,0.2718476082654644,1
MAR,0.1,3,missforest,smoking_statusYes,-0.04536776605479901,0.071225673671344,-0.18513788301050144,0.09440235090090343,-0.022120133000263893,-0.023247633054535116,0.27954023391140487,1
MAR,0.1,3,missforest,systolic_bp,0.0038232133590813356,0.002048796055069283,-1.9725355228500732e-4,0.007843680270447679,0.0020175183065907756,0.00180569505249056,0.008040933822732686,1
MAR,0.1,4,missforest,(Intercept),3.840151341692546,0.26337638952233555,3.323313144601291,4.3569895387838,4.0349672958498015,-0.1948159541572556,1.0336763941825091,1
MAR,0.1,4,missforest,age,0.01756408544469409,0.0022853887515121496,0.01307933947286884,0.02204883141651934,0.01753512986073419,2.8955583959901915e-5,0.008969491943650501,1
MAR,0.1,4,missforest,bmi,0.02681143335971689,0.004822030666753094,0.017348893301956478,0.036273973417477304,0.02897241650381511,-0.0021609831440982177,0.018925080115520826,1
MAR,0.1,4,missforest,income_ratio,-0.06915321724947626,0.02250281290702299,-0.113311743658926,-0.02499469084002652,-0.05343704488580892,-0.01571617236366734,0.08831705281889948,1
MAR,0.1,4,missforest,sexFemale,-0.07572635812587147,0.06840387050192097,-0.20995909314207659,0.05850637689033364,-0.09307566573776974,0.017349307611898263,0.2684654700324102,1
MAR,0.1,4,missforest,smoking_statusYes,-0.10580239466824598,0.06971537295442108,-0.24260876418623864,0.03100397484974668,-0.022120133000263893,-0.0836822616679821,0.2736127390359853,1
MAR,0.1,4,missforest,systolic_bp,0.004478699510291327,0.0020693760360103015,4.1784735306061877e-4,0.008539551667522034,0.0020175183065907756,0.002461181203700551,0.008121704314461416,1
MAR,0.1,5,missforest,(Intercept),4.187114086031599,0.2701450616894296,3.6569933455586567,4.717234826504541,4.0349672958498015,0.15214679018179744,1.060241480945884,1
MAR,0.1,5,missforest,age,0.016848665845205724,0.0022683985665404626,0.012397260662146463,0.021300071028264984,0.01753512986073419,-6.864640155284651e-4,0.0089028103661185215,1
MAR,0.1,5,missforest,bmi,0.027543135904884004,0.005090328635782193,0.017554099759726643,0.03753217205004136,0.02897241650381511,-0.0014292805989311042,0.01997807229031472,1
MAR,0.1,5,missforest,income_ratio,-0.07849087606905468,0.022983356380478593,-0.12359239977182748,-0.03338935236628187,-0.05343704488580892,-0.025053831183245757,0.0902030474055456,1
MAR,0.1,5,missforest,sexFemale,-0.09929824132808479,0.06934229551007992,-0.23537250014299432,0.03677601748682474,-0.09307566573776974,-0.006222575590315055,0.27214851762981906,1
MAR,0.1,5,missforest,smoking_statusYes,-0.1441865161788324,0.07151817834009552,-0.2845306313805906,-0.003842400977074223,-0.022120133000263893,-0.12206638317856852,0.28068823040351637,1
MAR,0.1,5,missforest,systolic_bp,0.0023317793976552533,0.002070470879747594,-0.0017312212325813507,0.006394780027891857,0.0020175183065907756,3.142610910644777e-4,0.008126001260473208,1
MAR,0.1,6,missforest,(Intercept),3.9884872283730695,0.27109241531377143,3.4565074429792797,4.52046701376686,4.0349672958498015,-0.046480067476732057,1.06395957078758,1
MAR,0.1,6,missforest,age,0.017976109971551076,0.0022729193152497135,0.013515833470843983,0.02243638647225817,0.01753512986073419,4.4098011081688746e-4,0.008920553001414186,1
MAR,0.1,6,missforest,bmi,0.028430250230717068,0.0050863500736043465,0.018449021440299224,0.03841147902113491,0.02897241650381511,-5.421662730980409e-4,0.019962457580835688,1
MAR,0.1,6,missforest,income_ratio,-0.07779801303602668,0.022600079214450366,-0.12214741055225886,-0.03344861551979451,-0.05343704488580892,-0.02436096815021776,0.08869879503246436,1
MAR,0.1,6,missforest,sexFemale,-0.11740544434479196,0.0685238932162739,-0.2518737066358932,0.017062817946309275,-0.09307566573776974,-0.02432977860702222,0.26893652458220246,1
MAR,0.1,6,missforest,smoking_statusYes,-0.0796103161307134,0.07056623781058434,-0.21808638527145996,0.05886575301003316,-0.022120133000263893,-0.057490183130449506,0.2769521382814931,1
MAR,0.1,6,missforest,systolic_bp,0.0031192379380065092,0.0020466958548912796,-8.971076332674331e-4,0.007135583509280452,0.0020175183065907756,0.0011017196314157336,0.008032691142547885,1
MAR,0.1,7,missforest,(Intercept),3.9133396139224286,0.26356829651938796,3.396124827014047,4.43055440083081,4.0349672958498015,-0.12162768192737294,1.0344295738167633,1
MAR,0.1,7,missforest,age,0.017454526223382078,0.0022602090752808428,0.013019191736353668,0.021889860710410488,0.01753512986073419,-8.06036373521106e-5,0.00887066897405682,1
MAR,0.1,7,missforest,bmi,0.03251436310459864,0.004914089342374486,0.022871171166762495,0.042157555042434784,0.02897241650381511,0.0035419466007835312,0.01928638387567229,1
MAR,0.1,7,missforest,income_ratio,-0.07964606659325596,0.022498740533065848,-0.12379660155587288,-0.035495531630639045,-0.05343704488580892,-0.026209021707447037,0.08830106992523384,1
MAR,0.1,7,missforest,sexFemale,-0.04791025673716011,0.06873961096557428,-0.1828018340142067,0.08698132053988648,-0.09307566573776974,0.04516540900060963,0.2697831545540932,1
MAR,0.1,7,missforest,smoking_statusYes,-0.07222411848377566,0.07030435807115655,-0.2101862863874901,0.06573804941993877,-0.022120133000263893,-0.05010398548351177,0.27592433580742887,1
MAR,0.1,7,missforest,systolic_bp,0.002639217939563756,0.0020007103026474108,-0.0012868876145352556,0.006565323493662767,0.0020175183065907756,6.216996329729803e-4,0.007852211108198023,1
MAR,0.1,8,missforest,(Intercept),3.8948929916686135,0.2591146611910427,3.3864178220728487,4.403368161264378,4.0349672958498015,-0.14007430418118805,1.0169503391915296,1
MAR,0.1,8,missforest,age,0.016317534028480133,0.0022293538812948976,0.011942748411680823,0.02069231964527944,0.01753512986073419,-0.0012175958322540557,0.008749571233598619,1
MAR,0.1,8,missforest,bmi,0.03781852007068634,0.005031861195447505,0.02794421784874026,0.04769282229263242,0.02897241650381511,0.008846103566871232,0.019748604443892162,1
MAR,0.1,8,missforest,income_ratio,-0.08062240697653604,0.022593771539419764,-0.1249594265898113,-0.036285387363260785,-0.05343704488580892,-0.027185362090727118,0.08867403922655051,1
MAR,0.1,8,missforest,sexFemale,-0.12053334763995822,0.06764300525158423,-0.2532729942858405,0.012206299005924057,-0.09307566573776974,-0.027457681902188488,0.26547929329176456,1
MAR,0.1,8,missforest,smoking_statusYes,-0.026752049533897204,0.06972247652142967,-0.1635723587781208,0.11006825971032638,-0.022120133000263893,-0.004631916533633311,0.2736406184884472,1
MAR,0.1,8,missforest,systolic_bp,0.002215147229711844,0.002010179797290171,-0.001729540842536975,0.006159835301960663,0.0020175183065907756,1.9762892312106834e-4,0.007889376144497638,1
MAR,0.2,1,missforest,(Intercept),4.086919614178041,0.28736352740631527,3.5230101168847456,4.650829111471336,4.0349672958498015,0.05195231832823932,1.1278189945865904,1
MAR,0.2,1,missforest,age,0.018715003966699725,0.002435172941971668,0.013936328113421277,0.023493679819978172,0.01753512986073419,0.0011798741059655359,0.009557351706556895,1
MAR,0.2,1,missforest,bmi,0.038432499316073496,0.00531848930857057,0.027995730741350453,0.04886926789079654,0.02897241650381511,0.009460082812258387,0.02087353714944609,1
MAR,0.2,1,missforest,income_ratio,-0.08221807614334645,0.02411702339621251,-0.12954425793933855,-0.03489189434735435,-0.05343704488580892,-0.028781031257537525,0.0946523635919842,1
MAR,0.2,1,missforest,sexFemale,-0.2015521723741246,0.06989310818727337,-0.3387073216649495,-0.0643970230832997,-0.09307566573776974,-0.10847650663635486,0.2743102985816498,1
MAR,0.2,1,missforest,smoking_statusYes,-0.09163795863461076,0.07337461469210521,-0.2356250625603296,0.05234914529110811,-0.022120133000263893,-0.06951782563434686,0.28797420785143774,1
MAR,0.2,1,missforest,systolic_bp,2.5251200366447485e-4,0.002246134061967616,-0.004155202298737526,0.004660226306066476,0.0020175183065907756,-0.0017650063029263008,0.008815428604804002,1
MAR,0.2,2,missforest,(Intercept),3.9302329289506615,0.28146978793465915,3.3778890457512523,4.482576812150071,4.0349672958498015,-0.10473436689914006,1.1046877663988184,1
MAR,0.2,2,missforest,age,0.01979888399380881,0.002450840599617725,0.014989462620990372,0.024608305366627246,0.01753512986073419,0.0022637541330746205,0.009618842745636874,1
MAR,0.2,2,missforest,bmi,0.040540089789781596,0.005355242594921494,0.030031198188809918,0.05104898139075327,0.02897241650381511,0.011567673285966487,0.021017783201943353,0
MAR,0.2,2,missforest,income_ratio,-0.08617172601699549,0.02401308688416633,-0.13329394739119227,-0.0390495046427987,-0.05343704488580892,-0.03273468113118657,0.09424444274839357,1
MAR,0.2,2,missforest,sexFemale,-0.22742590179607355,0.06848941316642454,-0.3618265019598592,-0.09302530163228787,-0.09307566573776974,-0.13435023605830382,0.2688012003275714,1
MAR,0.2,2,missforest,smoking_statusYes,-0.10378380992761758,0.07047521001869773,-0.2420812501490096,0.03451363029377445,-0.022120133000263893,-0.08166367692735368,0.2765948804427841,1
MAR,0.2,2,missforest,systolic_bp,8.678021896630156e-4,0.002269973016234547,-0.0035866926239541594,0.0053222970032801905,0.0020175183065907756,-0.0011497161169277599,0.00890898962723435,1
MAR,0.2,3,missforest,(Intercept),4.1222264044462325,0.2763966395852329,3.5798378435566525,4.664614965335812,4.0349672958498015,0.08725910859643093,1.08477712177916,1
MAR,0.2,3,missforest,age,0.020188262410307228,0.0024721219819371005,0.015337079392530775,0.02503944542808368,0.01753512986073419,0.002653132549573039,0.009702366035552905,1
MAR,0.2,3,missforest,bmi,0.04033206358805085,0.0051415553416653235,0.030242502417246436,0.05042162475885527,0.02897241650381511,0.011359647084235744,0.020179122341608832,0
MAR,0.2,3,missforest,income_ratio,-0.10795797387066952,0.02332493176608059,-0.15372979002746776,-0.06218615771387128,-0.05343704488580892,-0.0545209289848606,0.09154363231359647,0
MAR,0.2,3,missforest,sexFemale,-0.1875936019572189,0.06823561536164868,-0.32149616051566565,-0.05369104339877212,-0.09307566573776974,-0.09451793621944915,0.26780511711689353,1
MAR,0.2,3,missforest,smoking_statusYes,-0.1313287851262293,0.07144994227582237,-0.2715389968885049,0.008881426636046269,-0.022120133000263893,-0.10920865212596542,0.2804204235245512,1
MAR,0.2,3,missforest,systolic_bp,-5.074907536321723e-4,0.0022474224351900544,-0.004917733302756187,0.003902751795491842,0.0020175183065907756,-0.002525009060222948,0.008820485098248029,1
MAR,0.2,4,missforest,(Intercept),3.9195309379313,0.2808324685462572,3.368437702158072,4.470624173704528,4.0349672958498015,-0.11543635791850138,1.1021864715464562,1
MAR,0.2,4,missforest,age,0.018317455850270153,0.002490730588986934,0.013429756123704967,0.023205155576835338,0.01753512986073419,7.82325989535964e-4,0.00977539945313037,1
MAR,0.2,4,missforest,bmi,0.029585992493832366,0.005425299661746968,0.018939623998378056,0.040232360989286675,0.02897241650381511,6.135759900172573e-4,0.02129273699090862,1
MAR,0.2,4,missforest,income_ratio,-0.0724416358994424,0.024102674640227584,-0.11973966033027658,-0.025143611468608218,-0.05343704488580892,-0.019004591013633478,0.09459604886166836,1
MAR,0.2,4,missforest,sexFemale,-0.03603317380499257,0.06994148391527952,-0.17328325348836715,0.101216905878382,-0.09307566573776974,0.05704249193277717,0.27450015936674915,1
MAR,0.2,4,missforest,smoking_statusYes,-0.043502377009497835,0.07218342623709795,-0.18515194530949705,0.0981471912905014,-0.022120133000263893,-0.02138224400923394,0.28329913659999845,1
MAR,0.2,4,missforest,systolic_bp,0.002831222128111837,0.002250316569280616,-0.0015846997419574579,0.0072471439981811325,0.0020175183065907756,8.137038215210615e-4,0.00883184374013859,1
MAR,0.2,5,missforest,(Intercept),3.9042519375546973,0.27133790546764086,3.3717904131228726,4.436713461986522,4.0349672958498015,-0.13071535829510417,1.0649230488636494,1
MAR,0.2,5,missforest,age,0.019134543473613246,0.0023409000662183883,0.01454086454897863,0.023728222398247862,0.01753512986073419,0.0015994136128790575,0.009187357849269231,1
MAR,0.2,5,missforest,bmi,0.038477416016167824,0.005036319535522485,0.02859436494452208,0.048360467087813566,0.02897241650381511,0.009504999512352716,0.019766102143291487,1
MAR,0.2,5,missforest,income_ratio,-0.10466388245609799,0.023159361805440575,-0.15011079143308087,-0.059216973479115115,-0.05343704488580892,-0.05122683757028907,0.09089381795396576,0
MAR,0.2,5,missforest,sexFemale,-0.18465479459625983,0.06917336435981288,-0.32039755038124734,-0.04891203881127232,-0.09307566573776974,-0.0915791288584901,0.271485511569975,1
MAR,0.2,5,missforest,smoking_statusYes,-0.22473288075468556,0.07131659144585391,-0.3646814107365004,-0.08478435077287072,-0.022120133000263893,-0.20261274775442167,0.2798970599636297,0
MAR,0.2,5,missforest,systolic_bp,0.0023795005953375216,0.0021366790363210324,-0.0018134239978564721,0.006572425188531515,0.0020175183065907756,3.61982288746746e-4,0.008385849186387987,1
MAR,0.2,6,missforest,(Intercept),4.04037557459258,0.2741395801313303,3.502416167512111,4.5783349816730485,4.0349672958498015,0.005408278742778272,1.0759188141609375,1
MAR,0.2,6,missforest,age,0.017410850961272435,0.002430814581474848,0.012640727762184197,0.022180974160360675,0.01753512986073419,-1.2427889946175358e-4,0.009540246398176478,1
MAR,0.2,6,missforest,bmi,0.02479943293178768,0.00523964500658782,0.014517384933808771,0.035081480929766595,0.02897241650381511,-0.004172983572027427,0.020564095995957824,1
MAR,0.2,6,missforest,income_ratio,-0.09906428703166356,0.02352758714005699,-0.1452337851458566,-0.05289478891747052,-0.05343704488580892,-0.04562724214585464,0.0923389962283861,1
MAR,0.2,6,missforest,sexFemale,-0.17342758274748446,0.06946979369023248,-0.3097520383612869,-0.03710312713368202,-0.09307566573776974,-0.08035191700971472,0.2726489112276049,1
MAR,0.2,6,missforest,smoking_statusYes,-0.11314257028486424,0.07328923463410052,-0.25696212815481584,0.030676987585087356,-0.022120133000263893,-0.09102243728460035,0.2876391157399032,1
MAR,0.2,6,missforest,systolic_bp,0.004538816989132684,0.0021155640578366017,3.8732749735877463e-4,0.008690306480906594,0.0020175183065907756,0.0025212986825419084,0.008302978983547819,1
MAR,0.2,7,missforest,(Intercept),4.0617558086068275,0.280258135697254,3.5117896182561124,4.611721998957543,4.0349672958498015,0.026788512757025984,1.0999323807014303,1
MAR,0.2,7,missforest,age,0.020068876839836682,0.0025051658652700715,0.015152849964500788,0.024984903715172577,0.01753512986073419,0.0025337469791024934,0.009832053750671789,1
MAR,0.2,7,missforest,bmi,0.027961842317118363,0.0054062755626455685,0.017352805873708216,0.03857087876052851,0.02897241650381511,-0.001010574186696745,0.021218072886820295,1
MAR,0.2,7,missforest,income_ratio,-0.08503648535802653,0.023703471033612436,-0.13155113025856383,-0.038521840457489236,-0.05343704488580892,-0.03159944047221761,0.09302928980107458,1
MAR,0.2,7,missforest,sexFemale,-0.09880592049321006,0.06806230002674865,-0.2323683726914001,0.034756531704979984,-0.09307566573776974,-0.0057302547554403255,0.2671249043963801,1
MAR,0.2,7,missforest,smoking_statusYes,-0.14319407213226062,0.07023623939675522,-0.28102256695719346,-0.005365577307327785,-0.022120133000263893,-0.12107393913199674,0.2756569896498657,1
MAR,0.2,7,missforest,systolic_bp,0.0020987728885816562,0.0023338062140792946,-0.002480985373852942,0.006678531151016255,0.0020175183065907756,8.125458199088062e-5,0.009159516524869196,1
MAR,0.2,8,missforest,(Intercept),3.996461376474474,0.2701896152359518,3.466253206089153,4.526669546859795,4.0349672958498015,-0.03850591937532766,1.060416340770642,1
MAR,0.2,8,missforest,age,0.017827528142240933,0.0024559759948004282,0.01300802929667563,0.022647026987806237,0.01753512986073419,2.9239828150674427e-4,0.009638997691130607,1
MAR,0.2,8,missforest,bmi,0.030375952572546678,0.005204774898044263,0.020162332135841253,0.0405895730092521,0.02897241650381511,0.0014035360687315694,0.02042724087341085,1
MAR,0.2,8,missforest,income_ratio,-0.08125362690578611,0.02365593083497117,-0.12767498101970554,-0.034832272791866674,-0.05343704488580892,-0.027816582019977186,0.09284270822783885,1
MAR,0.2,8,missforest,sexFemale,-0.13378074881597887,0.06819317269964394,-0.2676000197686153,3.8522136657559436e-5,-0.09307566573776974,-0.04070508307820914,0.26763854190527286,1
MAR,0.2,8,missforest,smoking_statusYes,-0.05566829244827983,0.07030058163036365,-0.19362304963133564,0.08228646473477597,-0.022120133000263893,-0.03354815944801594,0.2759095143661116,1
MAR,0.2,8,missforest,systolic_bp,0.0026896911987524144,0.002125120885397592,-0.0014805521894337447,0.006859934586938574,0.0020175183065907756,6.721728921616388e-4,0.008340486776372318,1
MAR,0.3,1,missforest,(Intercept),3.8609146583271885,0.29631796434012714,3.279433369389122,4.442395947265255,4.0349672958498015,-0.17405263752261302,1.162962577876133,1
MAR,0.3,1,missforest,age,0.019248127601524126,0.0026158065030169268,0.014114984424146807,0.024381270778901447,0.01753512986073419,0.0017129977407899372,0.01026628635475464,1
MAR,0.3,1,missforest,bmi,0.03084802802624162,0.00560801527779388,0.01984310647388888,0.04185294957859436,0.02897241650381511,0.001875611522426511,0.02200984310470548,1
MAR,0.3,1,missforest,income_ratio,-0.08582937659655611,0.025708252769881274,-0.13627811665275197,-0.03538063654036026,-0.05343704488580892,-0.03239233171074719,0.10089748011239172,1
MAR,0.3,1,missforest,sexFemale,-0.1966433670801289,0.0694182571692586,-0.33286668970083044,-0.06042004445942731,-0.09307566573776974,-0.10356770134235915,0.27244664524140316,1
MAR,0.3,1,missforest,smoking_statusYes,-0.06515269932042206,0.07261439421457538,-0.2076479801495036,0.0773425815086595,-0.022120133000263893,-0.043032566320158165,0.2849905616581631,1
MAR,0.3,1,missforest,systolic_bp,0.003716826953826581,0.0023816390553904787,-9.567963642793339e-4,0.008390450271932496,0.0020175183065907756,0.0016993086472358054,0.00934724663621183,1
MAR,0.3,2,missforest,(Intercept),4.137608490983704,0.2858077760947381,3.576751931368141,4.698465050599267,4.0349672958498015,0.10264119513390213,1.1217131192311256,1
MAR,0.3,2,missforest,age,0.022714022083007677,0.0025805238165180883,0.0176501160916654,0.027777928074349954,0.01753512986073419,0.005178892222273489,0.010127811982684552,0
MAR,0.3,2,missforest,bmi,0.04182982807823834,0.005764386210085728,0.0305180511131063,0.05314160504337038,0.02897241650381511,0.01285741157442323,0.02262355393026408,0
MAR,0.3,2,missforest,income_ratio,-0.1394058296534814,0.024704244604466987,-0.1878843484190797,-0.09092731088788308,-0.05343704488580892,-0.08596878476767247,0.09695703753119661,0
MAR,0.3,2,missforest,sexFemale,-0.17538045798880622,0.06986858040381287,-0.31248747504042257,-0.03827344093718987,-0.09307566573776974,-0.08230479225103648,0.2742140341032327,1
MAR,0.3,2,missforest,smoking_statusYes,-0.13427042852267418,0.07020005746443486,-0.2720279215212791,0.003487064475930751,-0.022120133000263893,-0.11215029552241029,0.2755149859972098,1
MAR,0.3,2,missforest,systolic_bp,-0.0012475307716146025,0.002294884899603694,-0.00575091156514064,0.0032558500219114356,0.0020175183065907756,-0.003265049078205378,0.009006761587052076,1
MAR,0.3,3,missforest,(Intercept),3.52739075776689,0.28050029113287284,2.9769493722819864,4.077832143251793,4.0349672958498015,-0.5075765380829114,1.100882770969807,1
MAR,0.3,3,missforest,age,0.019370834908718142,0.0025487936934342915,0.014369194709833022,0.024372475107603264,0.01753512986073419,0.0018357050479839536,0.010003280397770242,1
MAR,0.3,3,missforest,bmi,0.04276610962592946,0.005416688692970893,0.03213663891537343,0.05339558033648548,0.02897241650381511,0.013793693122114349,0.02125894142111205,0
MAR,0.3,3,missforest,income_ratio,-0.06471243491217928,0.025003638230894368,-0.11377847051018605,-0.0156463993141725,-0.05343704488580892,-0.011275390026370354,0.09813207119601355,1
MAR,0.3,3,missforest,sexFemale,-0.06423240865065237,0.06872115361529103,-0.19908776603851003,0.0706229487372053,-0.09307566573776974,0.028843257087117366,0.26971071477571534,1
MAR,0.3,3,missforest,smoking_statusYes,-0.02496353038433265,0.07141786021742638,-0.16511078573183458,0.11518372496316927,-0.022120133000263893,-0.002843397384068757,0.28029451069500383,1
MAR,0.3,3,missforest,systolic_bp,0.002374837426106259,0.002310292263817373,-0.0021587780986216465,0.006908452950834165,0.0020175183065907756,3.573191195154835e-4,0.009067231049455811,1
MAR,0.3,4,missforest,(Intercept),3.827857621483332,0.28250669911580345,3.27347894956813,4.382236293398535,4.0349672958498015,-0.20710967436646932,1.1087573438304048,1
MAR,0.3,4,missforest,age,0.020654206639796762,0.0025539826984924754,0.015642383766512342,0.02566602951308118,0.01753512986073419,0.0031190767790625733,0.01002364574656884,1
MAR,0.3,4,missforest,bmi,0.03892009879611968,0.005823182722214524,0.02749294215181817,0.050347255440421186,0.02897241650381511,0.009947682292304569,0.022854313288603018,1
MAR,0.3,4,missforest,income_ratio,-0.09275911909789822,0.02507373876310321,-0.14196271688493667,-0.04355552131085977,-0.05343704488580892,-0.039322074212089296,0.0984071955740769,1
MAR,0.3,4,missforest,sexFemale,-0.13895925159086442,0.07136301898073873,-0.2789988889170725,0.0010803857353436641,-0.09307566573776974,-0.04588358585309468,0.2800792746524161,1
MAR,0.3,4,missforest,smoking_statusYes,-0.09704453005928108,0.07501793971352218,-0.24425642244399753,0.05016736232543538,-0.022120133000263893,-0.07492439705901718,0.29442378476943293,1
MAR,0.3,4,missforest,systolic_bp,0.0015615211255031293,0.0023185390004946925,-0.0029882774311355787,0.006111319682141837,0.0020175183065907756,-4.5599718108764627e-4,0.009099597113277416,1
MAR,0.3,5,missforest,(Intercept),3.7463594492057717,0.3091816617992097,3.1396350083863336,4.35308389002521,4.0349672958498015,-0.28860784664402983,1.2134488816388762,1
MAR,0.3,5,missforest,age,0.021051866523060344,0.0026112090853407685,0.015927745115126103,0.026175987930994585,0.01753512986073419,0.003516736662326155,0.010248242815868482,1
MAR,0.3,5,missforest,bmi,0.03957702603232406,0.005660570285902114,0.02846897285269054,0.050685079211957584,0.02897241650381511,0.010604609528508953,0.022216106359267046,1
MAR,0.3,5,missforest,income_ratio,-0.0721865116525164,0.025941251785685404,-0.12309247868896908,-0.02128054461606372,-0.05343704488580892,-0.018749466766707475,0.10181193407290537,1
MAR,0.3,5,missforest,sexFemale,-0.13318995187291288,0.07095755667062599,-0.2724339278654412,0.006054024119615392,-0.09307566573776974,-0.040114286135143146,0.2784879519850566,1
MAR,0.3,5,missforest,smoking_statusYes,-0.06934345241256405,0.07359701710003407,-0.2137669890031515,0.0750800841780234,-0.022120133000263893,-0.04722331941230016,0.2888470731811749,1
MAR,0.3,5,missforest,systolic_bp,0.0013763654130108664,0.0024957539098474997,-0.0035211918566002043,0.006273922682621938,0.0020175183065907756,-6.411528935799092e-4,0.009795114539222141,1
MAR,0.3,6,missforest,(Intercept),4.184476381663945,0.30344115806508887,3.589016851893365,4.779935911434524,4.0349672958498015,0.14950908581414346,1.1909190595411592,1
MAR,0.3,6,missforest,age,0.01968728762996959,0.0026453959484618234,0.014496079431409448,0.024878495828529735,0.01753512986073419,0.002152157769235403,0.010382416397120287,1
MAR,0.3,6,missforest,bmi,0.03457670787149036,0.005410631869891772,0.023959122803098348,0.04519429293988236,0.02897241650381511,0.005604291367675249,0.021235170136784016,1
MAR,0.3,6,missforest,income_ratio,-0.07599374904833223,0.02552119988879611,-0.12607542479023584,-0.025912073306428605,-0.05343704488580892,-0.022556704162523304,0.10016335148380723,1
MAR,0.3,6,missforest,sexFemale,-0.054773230207294285,0.07205757450063405,-0.1961758326167945,0.08662937220220591,-0.09307566573776974,0.03830243553047545,0.2828052048190004,1
MAR,0.3,6,missforest,smoking_statusYes,-0.06307307739833491,0.07725431332242017,-0.21467353060333433,0.08852737580666452,-0.022120133000263893,-0.04095294439807102,0.30320090640999886,1
MAR,0.3,6,missforest,systolic_bp,-7.548425623904345e-4,0.0024027746733143954,-0.005469941483841122,0.0039602563590602526,0.0020175183065907756,-0.00277236086898121,0.009430197842901375,1
MAR,0.3,7,missforest,(Intercept),4.403197192559516,0.2835601125800733,3.846751348576794,4.959643036542239,4.0349672958498015,0.36822989670971484,1.1128916879654454,1
MAR,0.3,7,missforest,age,0.023061264276094503,0.0025936156933292335,0.017971667363785904,0.0281508611884031,0.01753512986073419,0.005526134415360314,0.010179193824617197,0
MAR,0.3,7,missforest,bmi,0.04337772037496719,0.005459920157609071,0.03266341414714353,0.05409202660279085,0.02897241650381511,0.014405303871152082,0.021428612455647325,0
MAR,0.3,7,missforest,income_ratio,-0.08666724578344043,0.025090799631547565,-0.13590432306537054,-0.03743016850151033,-0.05343704488580892,-0.033230200897631505,0.0984741545638602,1
MAR,0.3,7,missforest,sexFemale,-0.20087194094537272,0.06912043814678512,-0.3365108366669364,-0.06523304522380907,-0.09307566573776974,-0.10779627520760299,0.2712777914431273,1
MAR,0.3,7,missforest,smoking_statusYes,-0.15554306472437054,0.072297492714122,-0.2974164720421366,-0.013669657406604446,-0.022120133000263893,-0.13342293172410666,0.2837468146355322,1
MAR,0.3,7,missforest,systolic_bp,-0.00480345428528908,0.002409787160138629,-0.00953231420123869,-7.459436933946947e-5,0.0020175183065907756,-0.006820972591879856,0.009457719831899221,0
MAR,0.3,8,missforest,(Intercept),3.920620784392893,0.2774375145099625,3.376189656512132,4.465051912273654,4.0349672958498015,-0.11434651145690866,1.088862255761522,1
MAR,0.3,8,missforest,age,0.02001520949374379,0.002634483420529912,0.01484541555814118,0.025185003429346403,0.01753512986073419,0.0024800796330096027,0.010339587871205223,1
MAR,0.3,8,missforest,bmi,0.040200444321585885,0.005587245880072831,0.02923627971822271,0.05116460892494906,0.02897241650381511,0.011228027817770776,0.02192832920672635,0
MAR,0.3,8,missforest,income_ratio,-0.09752900082566124,0.025339184028616644,-0.14725349668068213,-0.04780450497064035,-0.05343704488580892,-0.044091955939852316,0.09944899171004179,1
MAR,0.3,8,missforest,sexFemale,-0.2083730855861929,0.06936965824449674,-0.34450103982288693,-0.07224513134949892,-0.09307566573776974,-0.11529741984842318,0.272255908473388,1
MAR,0.3,8,missforest,smoking_statusYes,-0.13925681009712662,0.07334103536831443,-0.28317801944057464,0.004664399246321421,-0.022120133000263893,-0.11713667709686273,0.2878424186868961,1
MAR,0.3,8,missforest,systolic_bp,0.001169365037694946,0.0024979682988569485,-0.003732537651129205,0.006071267726519097,0.0020175183065907756,-8.481532688958296e-4,0.009803805377648302,1
MCAR,0.1,1,missforest,(Intercept),4.190440038544327,0.26123551248930205,3.6778030040096468,4.703077073079006,4.0349672958498015,0.15547274269452505,1.0252740690693596,1
MCAR,0.1,1,missforest,age,0.01745264559913336,0.0022501985391337846,0.013036955346212442,0.021868335852054277,0.01753512986073419,-8.248426160082853e-5,0.008831380505841835,1
MCAR,0.1,1,missforest,bmi,0.02910228246085839,0.004749643023604391,0.019781792717647864,0.038422772204068915,0.02897241650381511,1.2986595704328127e-4,0.01864097948642105,1
MCAR,0.1,1,missforest,income_ratio,-0.08652349369196398,0.02287468542918575,-0.1314117663184188,-0.04163522106550916,-0.05343704488580892,-0.03308644880615506,0.08977654525290965,1
MCAR,0.1,1,missforest,sexFemale,-0.1063913739874905,0.06831486926597576,-0.24044945690823544,0.027666708933254416,-0.09307566573776974,-0.013315708249720767,0.26811616584148984,1
MCAR,0.1,1,missforest,smoking_statusYes,-0.14135273709346757,0.06993687273854708,-0.27859376800723457,-0.0041117061797005805,-0.022120133000263893,-0.11923260409320369,0.274482061827534,1
MCAR,0.1,1,missforest,systolic_bp,0.001683937086788052,0.0020353195066197083,-0.0023100840409743637,0.005677958214550468,0.0020175183065907756,-3.3358121980272366e-4,0.007988042255524831,1
MCAR,0.1,2,missforest,(Intercept),3.8936360925706364,0.2637396204517052,3.3760851071424938,4.411187077998779,4.0349672958498015,-0.14133120327916515,1.0351019708562852,1
MCAR,0.1,2,missforest,age,0.01767987540206814,0.0021988028604020536,0.013365041759651166,0.021994709044485115,0.01753512986073419,1.4474554133395157e-4,0.008629667284833949,1
MCAR,0.1,2,missforest,bmi,0.030333367210911538,0.0046488332010200025,0.02121070221215931,0.03945603220966377,0.02897241650381511,0.0013609507070964297,0.01824532999750446,1
MCAR,0.1,2,missforest,income_ratio,-0.08425405598493453,0.022758358932591566,-0.128914054631012,-0.03959405733885707,-0.05343704488580892,-0.03081701109912561,0.08931999729215492,1
MCAR,0.1,2,missforest,sexFemale,-0.07301357725343886,0.06743485439737472,-0.2053447578541765,0.059317603347298783,-0.09307566573776974,0.020062088484330873,0.2646623612014753,1
MCAR,0.1,2,missforest,smoking_statusYes,-0.07244505939747718,0.06940847525974433,-0.20864918643088015,0.0637590676359258,-0.022120133000263893,-0.05032492639721329,0.27240825406680597,1
MCAR,0.1,2,missforest,systolic_bp,0.003238849075471656,0.002017955208829747,-7.21097121049597e-4,0.007198795271992909,0.0020175183065907756,0.0012213307688808805,0.007919892393042506,1
MCAR,0.1,3,missforest,(Intercept),3.9864222302305143,0.26290972800180806,3.4704997891011313,4.502344671359897,4.0349672958498015,-0.048545065619287175,1.031844882258766,1
MCAR,0.1,3,missforest,age,0.016626306550134765,0.0022418605851932815,0.01222697832985411,0.02102563477041542,0.01753512986073419,-9.088233105994242e-4,0.00879865644056131,1
MCAR,0.1,3,missforest,bmi,0.03258038055413666,0.004707184333481901,0.02334320986960699,0.04181755123866633,0.02897241650381511,0.0036079640503215507,0.01847434136905934,1
MCAR,0.1,3,missforest,income_ratio,-0.07973196248445531,0.02262794839683039,-0.12413604925359213,-0.035327875715318494,-0.05343704488580892,-0.02629491759864639,0.08880817353827364,1
MCAR,0.1,3,missforest,sexFemale,-0.12288243310591311,0.06765976605676163,-0.2556549704157816,0.009890104203955377,-0.09307566573776974,-0.029806767368143375,0.265545074619737,1
MCAR,0.1,3,missforest,smoking_statusYes,-0.0899683499358721,0.06940526902817924,-0.22616618520202683,0.04622948533028262,-0.022120133000263893,-0.06784821693560822,0.27239567053230945,1
MCAR,0.1,3,missforest,systolic_bp,0.0026356026500940245,0.0020106560538527825,-0.0013100200070035699,0.006581225307191619,0.0020175183065907756,6.180843435032489e-4,0.007891245314195189,1
MCAR,0.1,4,missforest,(Intercept),4.055849100874606,0.2604903766704308,3.544674287968493,4.5670239137807185,4.0349672958498015,0.0208818050248043,1.0223496258122253,1
MCAR,0.1,4,missforest,age,0.01626865706587445,0.0022610784007100486,0.011831616653009898,0.020705697478739002,0.01753512986073419,-0.0012664727948597382,0.008874080825729104,1
MCAR,0.1,4,missforest,bmi,0.03041883793369622,0.0047926129552142895,0.02101402589408444,0.039823649973308006,0.02897241650381511,0.0014464214298811132,0.018809624079223566,1
MCAR,0.1,4,missforest,income_ratio,-0.07800040055260202,0.022719170237554782,-0.12258349703396416,-0.03341730407123987,-0.05343704488580892,-0.024563355666793095,0.0891661929627243,1
MCAR,0.1,4,missforest,sexFemale,-0.11981573818375987,0.06834303910772876,-0.253929100358087,0.014297623990567249,-0.09307566573776974,-0.026740072445990137,0.26822672434865424,1
MCAR,0.1,4,missforest,smoking_statusYes,-0.16133821248061297,0.07080983705136774,-0.30029231001504975,-0.022384114946176203,-0.022120133000263893,-0.1392180794803491,0.27790819506887354,0
MCAR,0.1,4,missforest,systolic_bp,0.0029576264968473346,0.002043857724861345,-0.0010531496533769747,0.006968402647071644,0.0020175183065907756,9.40108190256559e-4,0.008021552300448619,1
MCAR,0.1,5,missforest,(Intercept),3.924728388966969,0.2621026395788161,3.4103897425208864,4.439067035413051,4.0349672958498015,-0.11023890688283267,1.0286772928921644,1
MCAR,0.1,5,missforest,age,0.015898609387613078,0.0022474423831252387,0.011488327693541883,0.020308891081684273,0.01753512986073419,-0.0016365204731211107,0.00882056338814239,1
MCAR,0.1,5,missforest,bmi,0.02626642048869291,0.004814193381545043,0.016819259973359844,0.03571358100402598,0.02897241650381511,-0.0027059960151221973,0.01889432103066614,1
MCAR,0.1,5,missforest,income_ratio,-0.08416322716226919,0.022766848800998774,-0.12883988595122842,-0.03948656837330997,-0.05343704488580892,-0.03072618227646027,0.08935331757791845,1
MCAR,0.1,5,missforest,sexFemale,-0.12796367128359382,0.06864161443473972,-0.2626629444956876,0.006735601928499979,-0.09307566573776974,-0.03488800554582408,0.2693985464241876,1
MCAR,0.1,5,missforest,smoking_statusYes,-0.12210767994916308,0.0701684242178693,-0.2598030972615125,0.015587737363186388,-0.022120133000263893,-0.09998754694889919,0.27539083462469893,1
MCAR,0.1,5,missforest,systolic_bp,0.005155007243283436,0.0020408443108242734,0.001150144483704485,0.009159870002862386,0.0020175183065907756,0.00313748893669266,0.008009725519157901,1
MCAR,0.1,6,missforest,(Intercept),3.7264902908052755,0.2691390158846487,3.198343770196449,4.254636811414102,4.0349672958498015,-0.308477005044526,1.0562930412176526,1
MCAR,0.1,6,missforest,age,0.015638715118690156,0.002227425954839874,0.01126771277963623,0.020009717457744082,0.01753512986073419,-0.001896414742044033,0.008742004678107852,1
MCAR,0.1,6,missforest,bmi,0.03198972806367043,0.004918423244616645,0.022338031467443037,0.04164142465989783,0.02897241650381511,0.0030173115598553235,0.01930339319245479,1
MCAR,0.1,6,missforest,income_ratio,-0.06753372607957324,0.022793685246851332,-0.11226304752487734,-0.02280440463426913,-0.05343704488580892,-0.014096681193764317,0.0894586428906082,1
MCAR,0.1,6,missforest,sexFemale,-0.12013946104421466,0.06860832791982717,-0.25477341426925093,0.014494492180821605,-0.09307566573776974,-0.027063795306444927,0.26926790645007254,1
MCAR,0.1,6,missforest,smoking_statusYes,-0.03911380088110065,0.07053181225172317,-0.1775223148252408,0.09929471306303952,-0.022120133000263893,-0.016993667880836755,0.27681702788828033,1
MCAR,0.1,6,missforest,systolic_bp,0.004817726590524299,0.0020473695780863347,8.000589346014546e-4,0.008835394246447144,0.0020175183065907756,0.0028002082839335236,0.00803533531184569,1
MCAR,0.1,7,missforest,(Intercept),4.139352795992943,0.26089755149890903,3.6273789611827287,4.651326630803157,4.0349672958498015,0.10438550014314174,1.0239476696204286,1
MCAR,0.1,7,missforest,age,0.017323946957150275,0.0022450643083050106,0.012918331892099486,0.021729562022201065,0.01753512986073419,-2.1118290358391328e-4,0.008811230130101579,1
MCAR,0.1,7,missforest,bmi,0.031930821443825336,0.004757375463292252,0.022595157902406703,0.04126648498524397,0.02897241650381511,0.002958404940010227,0.018671327082837266,1
MCAR,0.1,7,missforest,income_ratio,-0.09007715387635326,0.022678539068372233,-0.13458051754543066,-0.04557379020727586,-0.05343704488580892,-0.03664010899054434,0.08900672733815479,1
MCAR,0.1,7,missforest,sexFemale,-0.1627714291780887,0.06918281288754376,-0.29853272633668393,-0.027010132019493455,-0.09307566573776974,-0.06969576344031897,0.2715225943171905,1
MCAR,0.1,7,missforest,smoking_statusYes,-0.0828485622330428,0.07098708721175033,-0.22215048765551623,0.056453363189430644,-0.022120133000263893,-0.0607284292327789,0.2786038508449469,1
MCAR,0.1,7,missforest,systolic_bp,0.0016674859069202473,0.002014597651566568,-0.0022858715674848014,0.0056208433813252955,0.0020175183065907756,-3.5003239967052835e-4,0.007906714948810097,1
MCAR,0.1,8,missforest,(Intercept),4.038594055524966,0.2607575877490206,3.526894879397261,4.55029323165267,4.0349672958498015,0.0036267596751642373,1.023398352255409,1
MCAR,0.1,8,missforest,age,0.016154842967978585,0.002228799564147865,0.011781145118672058,0.020528540817285112,0.01753512986073419,-0.0013802868927556035,0.008747395698613054,1
MCAR,0.1,8,missforest,bmi,0.02877498038506719,0.004751690403646625,0.019450472953666358,0.03809948781646802,0.02897241650381511,-1.9743611874791997e-4,0.018649014862801662,1
MCAR,0.1,8,missforest,income_ratio,-0.0728268648159204,0.023086799849740467,-0.11813138141509952,-0.0275223482167413,-0.05343704488580892,-0.019389819930111483,0.09060903319835822,1
MCAR,0.1,8,missforest,sexFemale,-0.13662334900832407,0.06847691067190201,-0.27099941482892176,-0.002247283187726379,-0.09307566573776974,-0.04354768327055433,0.2687521316411954,1
MCAR,0.1,8,missforest,smoking_statusYes,-0.05159851469303409,0.0703283567500707,-0.18960777654455854,0.08641074715849037,-0.022120133000263893,-0.029478381692770193,0.2760185237030489,1
MCAR,0.1,8,missforest,systolic_bp,0.0031278171504043164,0.002058080178987165,-9.108685157866031e-4,0.007166502816595236,0.0020175183065907756,0.0011102988438135408,0.008077371332381839,1
MCAR,0.2,1,missforest,(Intercept),3.9885377559401616,0.2690394229600814,3.460586672088859,4.516488839791465,4.0349672958498015,-0.04642953990963994,1.0559021677026057,1
MCAR,0.2,1,missforest,age,0.018185812861885243,0.0024396466831568763,0.01339835793644847,0.022973267787322015,0.01753512986073419,6.506830011510541e-4,0.009574909850873545,1
MCAR,0.2,1,missforest,bmi,0.030748679944162843,0.004923065897044618,0.021087872811812805,0.04040948707651288,0.02897241650381511,0.0017762634403477341,0.019321614264700075,1
MCAR,0.2,1,missforest,income_ratio,-0.09243310844053533,0.024198436049943952,-0.13991905083333447,-0.044947166047736194,-0.05343704488580892,-0.03899606355472641,0.09497188478559829,1
MCAR,0.2,1,missforest,sexFemale,-0.029881778945634728,0.06919170709087855,-0.16566052969611975,0.10589697180485028,-0.09307566573776974,0.063193886792135,0.27155750150097,1
MCAR,0.2,1,missforest,smoking_statusYes,-0.03842279331803253,0.0714413317588478,-0.17861610818200513,0.10177052154594007,-0.022120133000263893,-0.016302660317768634,0.2803866297279452,1
MCAR,0.2,1,missforest,systolic_bp,0.0020658141841877137,0.002171183121440076,-0.0021948197020737114,0.006326448070449139,0.0020175183065907756,4.829587759693811e-5,0.00852126777252285,1
MCAR,0.2,2,missforest,(Intercept),3.9477232452974254,0.27223258899284675,3.4135060334215845,4.481940457173266,4.0349672958498015,-0.08724405055237616,1.0684344237516816,1
MCAR,0.2,2,missforest,age,0.01781404124046475,0.002357031323573166,0.013188707048692565,0.022439375432236938,0.01753512986073419,2.789113797305627e-4,0.009250668383544373,1
MCAR,0.2,2,missforest,bmi,0.03013095349637338,0.005195840210541342,0.0199348660959016,0.040327040896845155,0.02897241650381511,0.0011585369925582699,0.020392174800943554,1
MCAR,0.2,2,missforest,income_ratio,-0.07264828282916856,0.023869174585578367,-0.1194880970632403,-0.02580846859509682,-0.05343704488580892,-0.01921123794335964,0.09367962846814348,1
MCAR,0.2,2,missforest,sexFemale,-0.18640470137419318,0.0679304449047955,-0.31970840690328695,-0.05310099584509945,-0.09307566573776974,-0.09332903563642345,0.2666074110581875,1
MCAR,0.2,2,missforest,smoking_statusYes,-0.13013994830659417,0.06990188214617772,-0.267312315226948,0.007032418613759667,-0.022120133000263893,-0.10801981530633029,0.2743447338407077,1
MCAR,0.2,2,missforest,systolic_bp,0.0032881391335858193,0.002191919894865177,-0.00101318768118737,0.007589465948359009,0.0020175183065907756,0.0012706208269950437,0.008602653629546379,1
MCAR,0.2,3,missforest,(Intercept),3.722633038011227,0.2737860187807039,3.185367444113292,4.259898631909162,4.0349672958498015,-0.3123342578385744,1.0745311877958699,1
MCAR,0.2,3,missforest,age,0.01581016141374798,0.0023733624335961685,0.011152779772786836,0.020467543054709124,0.01753512986073419,-0.0017249684469862088,0.009314763281922288,1
MCAR,0.2,3,missforest,bmi,0.03543344981476472,0.0050003254638574125,0.025621031919992147,0.04524586770953729,0.02897241650381511,0.006461033310949611,0.019624835789545145,1
MCAR,0.2,3,missforest,income_ratio,-0.0693934416739242,0.024354111611045358,-0.11718487491378349,-0.021602008434064908,-0.05343704488580892,-0.015956396788115272,0.09558286647971859,1
MCAR,0.2,3,missforest,sexFemale,-0.10231574385800044,0.0683895641141647,-0.23652040465058877,0.031888916934587896,-0.09307566573776974,-0.0092400781202307,0.26840932158517666,1
MCAR,0.2,3,missforest,smoking_statusYes,-0.05605465887695954,0.07124050797299729,-0.1958538860111996,0.08374456825728052,-0.022120133000263893,-0.03393452587669565,0.2795984542684801,1
MCAR,0.2,3,missforest,systolic_bp,0.003970564894135138,0.002217457500747602,-3.8087579077742805e-4,0.008322005579047703,0.0020175183065907756,0.001953046587544362,0.008702881369825131,1
MCAR,0.2,4,missforest,(Intercept),4.123053021571768,0.2749081097875608,3.583585485829281,4.662520557314255,4.0349672958498015,0.08808572572196649,1.078935071484974,1
MCAR,0.2,4,missforest,age,0.01988972075021322,0.0023311794338970442,0.01531511716521957,0.024464324335206872,0.01753512986073419,0.0023545908894790323,0.009149207169987301,1
MCAR,0.2,4,missforest,bmi,0.030533961953299545,0.00503099416810011,0.02066136114753534,0.04040656275906375,0.02897241650381511,0.0015615454494844368,0.019745201611528408,1
MCAR,0.2,4,missforest,income_ratio,-0.09078380379990997,0.023847879338513088,-0.13758182918145856,-0.04398577841836137,-0.05343704488580892,-0.037346758914101046,0.09359605076309718,1
MCAR,0.2,4,missforest,sexFemale,-0.08762938723118448,0.0680410044261198,-0.22115004988303383,0.04589127542066489,-0.09307566573776974,0.005446278506585259,0.26704132530369873,1
MCAR,0.2,4,missforest,smoking_statusYes,-0.08736967848439622,0.06986243124220194,-0.22446462869279107,0.049725271723998626,-0.022120133000263893,-0.06524954548413234,0.2741899004167897,1
MCAR,0.2,4,missforest,systolic_bp,6.665070684207748e-4,0.002119792076906616,-0.003493279301282765,0.004826293438124314,0.0020175183065907756,-0.0013510112381700007,0.00831957273940708,1
MCAR,0.2,5,missforest,(Intercept),3.898229068507773,0.2872833156880833,3.3344769751484895,4.461981161867056,4.0349672958498015,-0.13673822734202856,1.127504186718567,1
MCAR,0.2,5,missforest,age,0.019544591168066137,0.002411963238331779,0.01481146101235769,0.024277721323774586,0.01753512986073419,0.0020094613073319487,0.009466260311416896,1
MCAR,0.2,5,missforest,bmi,0.03585915551984601,0.005069356500582826,0.025911274166753546,0.045807036872938474,0.02897241650381511,0.006886739016030902,0.019895762706184927,1
MCAR,0.2,5,missforest,income_ratio,-0.07150678383661194,0.024247187057241583,-0.11908839305347146,-0.023925174619752416,-0.05343704488580892,-0.018069738950803015,0.09516321843371905,1
MCAR,0.2,5,missforest,sexFemale,-0.07805906502106466,0.06985432843773881,-0.2151381146437703,0.059019984601640985,-0.09307566573776974,0.015016600716705075,0.2741580992454113,1
MCAR,0.2,5,missforest,smoking_statusYes,-0.09780538085043508,0.0727772844033959,-0.24062031019344202,0.045009548492571855,-0.022120133000263893,-0.0756852478501712,0.28562985868601387,1
MCAR,0.2,5,missforest,systolic_bp,0.001103594867772319,0.002256377862324808,-0.003324221416123073,0.0055314111516677105,0.0020175183065907756,-9.139234388184567e-4,0.008855632567790784,1
MCAR,0.2,6,missforest,(Intercept),4.126370008374717,0.27745137976088174,3.581911671937789,4.670828344811644,4.0349672958498015,0.09140271252491505,1.0889166728738555,1
MCAR,0.2,6,missforest,age,0.01899832825971341,0.002348722885014861,0.014389298180898749,0.02360735833852807,0.01753512986073419,0.00146319839897922,0.00921806015762932,1
MCAR,0.2,6,missforest,bmi,0.02904159337143436,0.005087129166172217,0.019058835724163115,0.039024351018705605,0.02897241650381511,6.91768676192514e-5,0.01996551529454249,1
MCAR,0.2,6,missforest,income_ratio,-0.09575723374210941,0.02425995587646579,-0.14336389992599163,-0.04815056755822718,-0.05343704488580892,-0.04232018885630049,0.09521333236776446,1
MCAR,0.2,6,missforest,sexFemale,-0.1819070801747473,0.07050122940257442,-0.32025557968614116,-0.04355858066335347,-0.09307566573776974,-0.08883141443697756,0.27669699902278766,1
MCAR,0.2,6,missforest,smoking_statusYes,-0.17556431058984798,0.07218827482543687,-0.3172233935455081,-0.03390522763418782,-0.022120133000263893,-0.1534441775895841,0.2833181659113203,0
MCAR,0.2,6,missforest,systolic_bp,0.0022259117166131036,0.002114377426405844,-0.0019232491820382527,0.00637507261526446,0.0020175183065907756,2.0839341002232802e-4,0.008298321797302713,1
MCAR,0.2,7,missforest,(Intercept),3.928288921623764,0.27364282853516725,3.39130431794093,4.465273525306599,4.0349672958498015,-0.10667837422603732,1.073969207365669,1
MCAR,0.2,7,missforest,age,0.01826550925267605,0.0024046047900576372,0.013546818990939472,0.022984199514412627,0.01753512986073419,7.303793919418607e-4,0.009437380523473156,1
MCAR,0.2,7,missforest,bmi,0.03296345282198008,0.0049260235943023745,0.023296841635132168,0.04263006400882799,0.02897241650381511,0.00399103631816497,0.01933322237369582,1
MCAR,0.2,7,missforest,income_ratio,-0.065289835329929,0.024207911763658035,-0.11279437244490892,-0.017785298214949098,-0.05343704488580892,-0.011852790444120083,0.09500907422995983,1
MCAR,0.2,7,missforest,sexFemale,-0.1804608870214209,0.0676744940959576,-0.313262325985073,-0.047659448057768866,-0.09307566573776974,-0.08738522128365117,0.2656028779273041,1
MCAR,0.2,7,missforest,smoking_statusYes,-0.08184331261085494,0.07021562698198908,-0.21963135854321714,0.05594473332150725,-0.022120133000263893,-0.059723179610591044,0.27557609186472437,1
MCAR,0.2,7,missforest,systolic_bp,0.002160074752381976,0.0021372284965864795,-0.00203392807737484,0.006354077582138792,0.0020175183065907756,1.4255644579120024e-4,0.008388005659513632,1
MCAR,0.2,8,missforest,(Intercept),3.9043213443241385,0.2732298702068117,3.3681471118301873,4.44049557681809,4.0349672958498015,-0.13064595152566305,1.0723484649879023,1
MCAR,0.2,8,missforest,age,0.016842811474348882,0.0024344683268295135,0.012065518326712255,0.02162010462198551,0.01753512986073419,-6.923183863853065e-4,0.009554586295273254,1
MCAR,0.2,8,missforest,bmi,0.0283374323227572,0.005046482348907043,0.018434438194877077,0.03824042645063732,0.02897241650381511,-6.349841810579099e-4,0.019805988255760243,1
MCAR,0.2,8,missforest,income_ratio,-0.05695214183160368,0.024450576919735942,-0.10493287433369339,-0.008971409329513964,-0.05343704488580892,-0.0035150969457947573,0.09596146500417943,1
MCAR,0.2,8,missforest,sexFemale,-0.1363428961292317,0.06832436952370419,-0.27041962193624736,-0.0022661703222160434,-0.09307566573776974,-0.043267230391461964,0.2681534516140313,1
MCAR,0.2,8,missforest,smoking_statusYes,-0.060689111412837414,0.07171855158840935,-0.20142643022936021,0.08004820740368537,-0.022120133000263893,-0.03856897841257352,0.2814746376330456,1
MCAR,0.2,8,missforest,systolic_bp,0.0037209330528974894,0.0021998453007211994,-5.959462283715473e-4,0.008037812334166526,0.0020175183065907756,0.0017034147463067138,0.008633758562538073,1
MCAR,0.3,1,missforest,(Intercept),4.15852352661106,0.28864493325807594,3.5920994550563163,4.724947598165804,4.0349672958498015,0.12355623076125877,1.132848143109488,1
MCAR,0.3,1,missforest,age,0.02145363036779692,0.0025070672655973657,0.016533872268417404,0.026373388467176434,0.01753512986073419,0.0039185005070627305,0.00983951619875903,1
MCAR,0.3,1,missforest,bmi,0.03455409406618387,0.0054061430324253154,0.023945317694225914,0.04516287043814183,0.02897241650381511,0.005581677562368763,0.021217552743915916,1
MCAR,0.3,1,missforest,income_ratio,-0.10651591926822948,0.025992995154136164,-0.15752342520613805,-0.0555084133303209,-0.05343704488580892,-0.05307887438242056,0.10201501187581714,0
MCAR,0.3,1,missforest,sexFemale,-0.1868491356099423,0.06891408793274686,-0.3220830987831239,-0.05161517243676064,-0.09307566573776974,-0.09377346987217255,0.2704679263463633,1
MCAR,0.3,1,missforest,smoking_statusYes,-0.12531349659845342,0.07393926196608233,-0.2704086394019323,0.019781646205025483,-0.022120133000263893,-0.10319336359818954,0.2901902856069578,1
MCAR,0.3,1,missforest,systolic_bp,-3.2208367399147285e-4,0.002283064995056343,-0.004802269608756164,0.0041581022607732184,0.0020175183065907756,-0.0023396019805822484,0.008960371869529382,1
MCAR,0.3,2,missforest,(Intercept),3.8411602483058345,0.27862112151421015,3.2944064623035563,4.387914034308113,4.0349672958498015,-0.19380704754396705,1.0935075720045568,1
MCAR,0.3,2,missforest,age,0.021449804750585787,0.0024928560323902657,0.01655793414773746,0.026341675353434114,0.01753512986073419,0.003914674889851599,0.009783741205696653,1
MCAR,0.3,2,missforest,bmi,0.03752276816517338,0.005199068527438782,0.02732034565817236,0.0477251906721744,0.02897241650381511,0.008550351661358271,0.02040484501400204,1
MCAR,0.3,2,missforest,income_ratio,-0.0692525256499514,0.02612044553992516,-0.12051013459720426,-0.017994916702698524,-0.05343704488580892,-0.01581548076414247,0.10251521789450574,1
MCAR,0.3,2,missforest,sexFemale,-0.08570468612843726,0.06981831830842049,-0.22271307106344004,0.05130369880656552,-0.09307566573776974,0.007370979609332473,0.27401676987000556,1
MCAR,0.3,2,missforest,smoking_statusYes,-0.06527714464124448,0.07406103076485866,-0.21061124115859148,0.08005695187610251,-0.022120133000263893,-0.04315701164098059,0.290668193034694,1
MCAR,0.3,2,missforest,systolic_bp,1.0229139330737727e-4,0.0022354879428093783,-0.004284531434950943,0.004489114221565697,0.0020175183065907756,-0.0019152269132833983,0.00877364565651664,1
MCAR,0.3,3,missforest,(Intercept),3.887826119070775,0.29201428944406416,3.314790171714701,4.460862066426849,4.0349672958498015,-0.1471411767790265,1.1460718947121475,1
MCAR,0.3,3,missforest,age,0.01913013833768914,0.0025518019403194484,0.014122594887949416,0.02413768178742886,0.01753512986073419,0.0015950084769549497,0.010015086899479443,1
MCAR,0.3,3,missforest,bmi,0.030599430445199655,0.005171764465845034,0.020450588223025888,0.04074827266737342,0.02897241650381511,0.0016270139413845468,0.020297684444347534,1
MCAR,0.3,3,missforest,income_ratio,-0.07474952482195811,0.02483321450848508,-0.1234811284323773,-0.02601792121153893,-0.05343704488580892,-0.021312479936149188,0.09746320722083837,1
MCAR,0.3,3,missforest,sexFemale,-0.19897682882220935,0.06827572460519207,-0.33295809598911286,-0.06499556165530587,-0.09307566573776974,-0.10590116308443961,0.267962534333807,1
MCAR,0.3,3,missforest,smoking_statusYes,-0.14543423711500114,0.07093052833195608,-0.28462517388919295,-0.006243300340809305,-0.022120133000263893,-0.12331410411473726,0.2783818735483836,1
MCAR,0.3,3,missforest,systolic_bp,0.003284164657773598,0.002360215217760377,-0.0013474174673628217,0.007915746782910018,0.0020175183065907756,0.0012666463511828226,0.00926316425027284,1
MCAR,0.3,4,missforest,(Intercept),3.997829887064238,0.2959396690196437,3.4170909481589944,4.578568825969482,4.0349672958498015,-0.0371374087855636,1.1614778778104875,1
MCAR,0.3,4,missforest,age,0.018565673797640174,0.0026712564629741377,0.013323718067303786,0.023807629527976562,0.01753512986073419,0.0010305439369059852,0.010483911460672776,1
MCAR,0.3,4,missforest,bmi,0.03353405817329642,0.005553770090584672,0.022635584981060282,0.04443253136553255,0.02897241650381511,0.004561641669481309,0.02179694638447227,1
MCAR,0.3,4,missforest,income_ratio,-0.08682088907391397,0.025468525091483934,-0.13679919811949243,-0.036842580028335514,-0.05343704488580892,-0.03338384418810505,0.09995661809115691,1
MCAR,0.3,4,missforest,sexFemale,-0.147808206111506,0.07609251348438746,-0.29712879461504627,0.0015123823920342727,-0.09307566573776974,-0.05473254037373626,0.29864117700708054,1
MCAR,0.3,4,missforest,smoking_statusYes,0.02904712931986446,0.07672851765140512,-0.12152152567748752,0.17961578431721642,-0.022120133000263893,0.05116726232012835,0.30113730999470395,1
MCAR,0.3,4,missforest,systolic_bp,0.0013739440029719222,0.002504032811668896,-0.0035398594180083964,0.006287747423952241,0.0020175183065907756,-6.435743036188534e-4,0.009827606841960638,1
MCAR,0.3,5,missforest,(Intercept),4.145916780812858,0.28940796306635574,3.577995373254862,4.713838188370853,4.0349672958498015,0.11094948496305612,1.135842815115991,1
MCAR,0.3,5,missforest,age,0.022413560724391,0.0025270051514096866,0.01745467739827518,0.027372444050506824,0.01753512986073419,0.004878430863656812,0.009917766652231645,1
MCAR,0.3,5,missforest,bmi,0.03049539312798657,0.005489699749985834,0.019722648743037155,0.04126813751293598,0.02897241650381511,0.0015229766241714598,0.021545488769898827,1
MCAR,0.3,5,missforest,income_ratio,-0.09175717533808592,0.02534481974395992,-0.14149273047204453,-0.0420216202041273,-0.05343704488580892,-0.038320130452276994,0.09947111026791722,1
MCAR,0.3,5,missforest,sexFemale,-0.10742169239633531,0.07670422430832095,-0.2579426752099213,0.04309929041725066,-0.09307566573776974,-0.014346026658565575,0.301041965627172,1
MCAR,0.3,5,missforest,smoking_statusYes,-0.1353629218084036,0.07804714490862617,-0.28851919270972304,0.017793349092915856,-0.022120133000263893,-0.1132427888081397,0.3063125418026389,1
MCAR,0.3,5,missforest,systolic_bp,-2.174920613865577e-4,0.0023019650342936794,-0.004734766598596195,0.004299782475823079,0.0020175183065907756,-0.0022350103679773334,0.009034549074419274,1
MCAR,0.3,6,missforest,(Intercept),3.3143916153894883,0.2903965535151114,2.744530241587278,3.884252989191699,4.0349672958498015,-0.7205756804603132,1.139722747604421,0
MCAR,0.3,6,missforest,age,0.016688834577586072,0.002556373770274175,0.011672319570617951,0.021705349584554195,0.01753512986073419,-8.462952831481164e-4,0.010033030013936245,1
MCAR,0.3,6,missforest,bmi,0.03739457922847212,0.005069772033476889,0.02744588245197671,0.04734327600496753,0.02897241650381511,0.008422162724657012,0.01989739355299082,1
MCAR,0.3,6,missforest,income_ratio,-0.06039552724281411,0.02525020310034062,-0.1099454108532481,-0.010845643632380109,-0.05343704488580892,-0.006958482357005184,0.099099767220868,1
MCAR,0.3,6,missforest,sexFemale,-0.0585615144961351,0.07184572978484216,-0.19954840218962844,0.08242537319735822,-0.09307566573776974,0.034514151241634636,0.28197377538698665,1
MCAR,0.3,6,missforest,smoking_statusYes,-0.031791547211910104,0.07299743667051445,-0.1750384936428172,0.111455399218997,-0.022120133000263893,-0.00967141421164621,0.2864938928618142,1
MCAR,0.3,6,missforest,systolic_bp,0.005911855068156211,0.0023123763411328486,0.001374149842129406,0.010449560294183017,0.0020175183065907756,0.0038943367615654357,0.00907541045205361,1
MCAR,0.3,7,missforest,(Intercept),3.757547450144819,0.2919761688713228,3.184586308917432,4.330508591372206,4.0349672958498015,-0.27741984570498257,1.1459222824547743,1
MCAR,0.3,7,missforest,age,0.017555311703101435,0.002619884139646443,0.012414166751655398,0.022696456654547472,0.01753512986073419,2.018184236724646e-5,0.010282289902892074,1
MCAR,0.3,7,missforest,bmi,0.03208241092238035,0.0052554787289394896,0.021769291526815948,0.042395530317944755,0.02897241650381511,0.003109994418565243,0.020626238791128806,1
MCAR,0.3,7,missforest,income_ratio,-0.036075882857515215,0.025637811825730786,-0.0863863927153164,0.014234627000285965,-0.05343704488580892,0.017361162028293707,0.10062101971560236,1
MCAR,0.3,7,missforest,sexFemale,-0.12804780570313168,0.07044543415496339,-0.26628681508432117,0.010191203678057814,-0.09307566573776974,-0.03497213996536194,0.276478018762379,1
MCAR,0.3,7,missforest,smoking_statusYes,-0.16413663004577195,0.0717270491080636,-0.30489062401964584,-0.023382636071898083,-0.022120133000263893,-0.14201649704550806,0.2815079879477478,0
MCAR,0.3,7,missforest,systolic_bp,0.003588388523963085,0.0024039820640326314,-0.0011290797277192506,0.00830585677564542,0.0020175183065907756,0.0015708702173723092,0.00943493650336467,1
MCAR,0.3,8,missforest,(Intercept),4.2138931115227685,0.28798577866072494,3.648762535844087,4.77902368720145,4.0349672958498015,0.17892581567296695,1.130261151357363,1
MCAR,0.3,8,missforest,age,0.02220192407543588,0.0025619367486958986,0.0171744925252531,0.02722935562561866,0.01753512986073419,0.004666794214701692,0.01005486310036556,1
MCAR,0.3,8,missforest,bmi,0.03203208076600155,0.005292774137434408,0.021645774507631207,0.042418387024371895,0.02897241650381511,0.003059664262186443,0.020772612516740688,1
MCAR,0.3,8,missforest,income_ratio,-0.054956367675646316,0.024801013394676535,-0.10362478124220727,-0.006287954109085364,-0.05343704488580892,-0.0015193227898373934,0.0973368271331219,1
MCAR,0.3,8,missforest,sexFemale,-0.2070149216856729,0.07158758348404948,-0.34749523447725705,-0.06653460889408871,-0.09307566573776974,-0.11393925594790316,0.28096062558316837,1
MCAR,0.3,8,missforest,smoking_statusYes,-0.05426921640976105,0.074697536398192,-0.2008523634762748,0.09231393065675272,-0.022120133000263893,-0.03214908340949715,0.2931662941330275,1
MCAR,0.3,8,missforest,systolic_bp,-0.001533401414186669,0.0023192004518200475,-0.006084497973699059,0.003017695145325722,0.0020175183065907756,-0.0035509197207774443,0.009102193119024781,1
